user,risk,z_rule,z_lm,z_sim,z_peer,rule,lm,sim,peer,len,is_malicious,scenario
CCA0046,0.842975070884161,0.8664453430040375,0.5312798496817458,0.9648258859657344,0.9928966150317554,592.8053976020185,6.277378410753788,1.1797554940459951,202.38590414805626,7469,True,3
AJF0370,0.7957087608987015,1.0,0.3958034485386125,0.9007396569772226,0.6090877129778223,684.1809496565742,5.406303296004372,1.1054806286567833,124.15267171854123,27688,False,0
MPM0220,0.7905792318292598,0.8676898256066498,0.3326654153822955,0.907880874040563,1.0,593.6568488909048,5.000343519891152,1.1137571795549464,203.83381419986353,15985,True,3
BAL0044,0.7702559182770892,0.8844343967093414,0.45286881319578076,0.9541203777281064,0.5825220168144645,605.1131654495365,5.773217523482577,1.1673479894100858,118.73768454268932,13093,False,0
IBB0359,0.7635909847489278,0.8773875191496618,0.47090409060842686,0.9221458619936764,0.5861246231263902,600.2918260686413,5.889179279251098,1.130290061528485,119.47201752830965,17840,False,0
BSS0369,0.7477609505598326,0.8164029403921752,0.4236173593813977,1.0,0.5765086835112199,558.5673390599379,5.585138911466373,1.2205217027356685,117.5119638794339,11999,True,3
GTD0219,0.7449610299674068,0.7153287680543579,0.496132981394527,0.976832904851358,0.7692980016927914,489.4143158440978,6.051393943584293,1.1936714277111713,156.80894594137473,4494,True,3
HDS0367,0.7376485703328003,0.7550758603279683,0.5057982739114398,0.9850014643984418,0.5880547021314302,516.6085191819441,6.113539053117883,1.203138651330963,119.86543289361403,12824,False,0
EIS0041,0.7288187878451436,0.7536957818516345,0.49771727228394896,0.9615039939505631,0.5828068144003948,515.6642957794055,6.0615804879319075,1.1759054768713448,118.79573592090442,12797,False,0
MOS0047,0.6860991250029939,0.6438277026467669,0.5690453853254775,0.9475144476327721,0.5192023664733237,440.49464901207546,6.520200171716281,1.159691827137073,105.83099869985291,6976,True,2
IRM0931,0.6621728037160978,0.7333155053160063,0.6370700169848492,0.7114311043059246,0.4238321474416284,501.72049882499573,6.9575794003383225,0.8860751886954503,86.39132319354604,10795,False,0
DLM0051,0.6496954052614929,0.740858291553976,0.5558498728974571,0.650353281869163,0.530625290620802,506.88112947634636,6.435356742119482,0.8152870160824248,108.15937689814915,34538,False,0
AOK0844,0.6131837798791444,0.6114667828926741,0.4592401774504391,0.854117931633114,0.4214636554913891,418.35392420296,5.8141836017250395,1.0514468303072624,85.9085444454271,3770,False,0
BVC0790,0.5972093640275443,0.4874723092158321,0.8278200767414833,0.7131082412127727,0.38919576459814387,333.5192674505712,8.184048577176135,0.8880189622636806,79.33125716847188,8542,False,0
MCF0600,0.5655560542910054,0.4006430470492837,0.3431172830968494,0.9590851135068862,0.6460273365013369,274.11234040348245,5.0675460864782425,1.1731020349746637,131.68221607644622,1032,True,1
NOB0181,0.56261697772125,0.5024809484847371,0.5366648403266457,0.7724802335008942,0.40781047924534986,343.78789251862355,6.312002384407878,0.9568301063221032,83.12556545525395,5649,False,0
NAF0326,0.5575489963303628,0.5230105219859648,0.6093647025998425,0.6525352493696972,0.42225356449056084,357.8338356127379,6.779442029523527,0.8178158798483809,86.06955460959907,12956,False,0
IKP0472,0.5422479992139357,0.43043276005163733,0.5479083026361435,0.8082246823675537,0.3895804271610906,294.49389453542955,6.3842946813598695,0.998257323524392,79.4096644058572,3963,False,0
BDI0533,0.5331706216679105,0.5145995381598343,0.411878727192942,0.729447264188803,0.41728829945458396,352.0792007110299,5.5096628116122215,0.9069556160704357,85.05746569880267,6981,False,0
RAW0915,0.5262174559598145,0.3973256599414925,0.76137290302052,0.644878280578116,0.35862027489723014,271.8426473416954,7.7568119589505695,0.8089415813405683,73.09893848170599,7112,False,0
LBF0214,0.5242491735289518,0.4805602203648043,0.5107126728453781,0.6835579276111656,0.3932871260744201,328.79014793636435,6.145137254569824,0.8537706440272961,80.16521498345165,10013,False,0
EHD0584,0.5218410682283849,0.41398666547656654,0.5353660061070834,0.6958187307087422,0.5014567875943736,283.2417899309158,6.303651246074565,0.8679807093410061,102.21384967177198,889,True,1
BRB0355,0.5171158053596852,0.35661036426365655,0.7083032657437387,0.6978033580167948,0.3890677800085074,243.9860176792854,7.415589133495221,0.8702808591310615,79.30516958140747,8447,False,0
MLM0950,0.515258539354575,0.541361491074508,0.2810308966293735,0.7256340100948143,0.4073284071679569,370.3892190708559,4.668348102473673,0.9025361184810763,83.02730286499968,6251,False,0
ILJ0526,0.4907370088499308,0.4441136679741686,0.6018840148407537,0.5928030095602569,0.29675990868032315,303.85411111003117,6.731343313487601,0.748587214950067,60.48970408791345,4865,False,0
OBH0499,0.48625729909998927,0.35200670694383834,0.6415323949853704,0.6292427307748356,0.3989163642111398,240.8362830423187,6.986271234458957,0.790820241151662,81.31264406389856,18266,False,0
IBS0836,0.48509556398641,0.35400621819358763,0.6170125857549839,0.692715903895116,0.3127438905613278,242.2043105480212,6.828615764880702,0.864384585063676,63.747780080820135,2969,False,0
LRR0148,0.47327497400543256,0.3120614749973446,0.7491551423365326,0.5866747689761319,0.34633775530103483,213.5065163149145,7.678255197773091,0.7414846868150415,70.59534566442893,9293,False,0
KCO0122,0.47049147861359875,0.2890034470598694,0.6196031169393991,0.6794620155614096,0.40735981674279154,197.7306528634449,6.845272151009104,0.8490235506042112,83.03370519844063,7216,False,0
JHP0583,0.4700083258953792,0.3683702134279808,0.45928375577177616,0.7013021502780892,0.3698530120020622,252.0318824483508,5.814463798061368,0.874335900726332,75.38855012968824,4999,False,0
HSB0196,0.46850490235738623,0.39018120597310474,0.37123621065024015,0.6548867387247815,0.4964232877126725,266.9545480408262,5.248342873509235,0.8205412166027773,101.18785219211028,26282,False,0
NGC0058,0.46799311678032857,0.35896653568362036,0.6054531417541528,0.6227573681954259,0.3175102140479558,245.5980652789499,6.754291794620928,0.7833038146090388,64.71931797680992,6546,False,0
MAR0955,0.4658092522281606,0.39081373237594,0.12486079566293341,0.7926568045911456,0.5756493266494099,267.38731055580087,3.6642183243579614,0.9802144140805287,117.33679789253237,1080,True,1
BTL0226,0.45969243576416186,0.2664217559708572,0.5337331554259811,0.6877529622184809,0.49625907824001725,182.28069000931313,6.293152475938893,0.8586326188334168,101.1543807489712,3117,True,1
HCL0651,0.4581904145126842,0.17002303648525746,0.7848847154541552,0.7115647549451871,0.36875378727635616,116.32652256597781,7.907986292936289,0.8862300875465309,75.16449096118478,4139,False,0
LJR0523,0.4549152765335248,0.3780577673082956,0.3961942999875455,0.5943586518948443,0.5057576442599093,258.65992226203383,5.408816360773266,0.7503901783451506,103.09050969023504,840,True,1
AHD0848,0.45413277938040253,0.2369864248672686,0.7922167490996362,0.6399423057658004,0.27272855448078476,162.1415972214042,7.955129204876623,0.803220869254123,55.59130150103364,2242,False,0
CHM0821,0.4526917462005529,0.2789556863033359,0.5076224987368221,0.7566474626273422,0.3361540418334573,190.85616636711774,6.125268305118161,0.9384801902179412,68.5195605056141,3520,False,0
WDD0366,0.44590088444340226,0.24009910542593674,0.36849423521340213,0.8069329033800933,0.49619446256882566,164.2712339620113,5.2307127434782466,0.9967601733265947,101.14120989025514,5910,True,1
JDC0030,0.44463121149682566,0.31767740585279036,0.6193835394845298,0.5653368418937336,0.3489955385691343,217.34882922079905,6.843860329798305,0.7167543869246539,71.13709176528222,7952,False,0
EHB0824,0.44455710706596624,0.3232993444038383,0.3074460833913334,0.6862767136067682,0.5478598281631478,221.1952524775659,4.83819031591933,0.8569216714326011,111.67235842137623,584,True,1
AAM0658,0.44424273216299537,0.27946201097506407,0.6810627842870423,0.5331028356760819,0.41979774664360525,191.20258406185528,7.240440507531563,0.6793957139217489,85.56897589087401,1179,True,1
RSC0089,0.4393074239300168,0.38998963868323244,0.7052740748399309,0.38091687933368606,0.3135168910354406,266.8234813505182,7.396112288879718,0.5030147409753424,63.905343715836864,12672,False,0
QOS0878,0.4381419873207414,0.2314001459887449,0.7314222669550213,0.6386542580222561,0.26422607352450095,158.31957163324938,7.564237801920752,0.8017280435054932,53.85820837755261,2556,False,0
NMS0280,0.4355573240956684,0.29821207244758374,0.6307468503821521,0.6021581130430173,0.26389064519633393,204.03101892624295,6.9169232194274874,0.7594296231062518,53.78983674203164,3117,False,0
LJT0817,0.435474647987213,0.23921854864624728,0.6254455931938157,0.6323001132735795,0.3774872104770408,163.66877378825686,6.882837628323193,0.7943636962296358,76.94465792320192,7391,False,0
HPH0075,0.4273199628890163,0.36245440997223355,0.4560555923887524,0.5051776761359497,0.432217742589233,247.98440242201602,5.7937076164270005,0.6470309220069774,88.10059103681816,25093,False,0
FKK0055,0.42506561437287615,0.320239363029157,0.5989758747469163,0.5300879425825684,0.29768472377458643,219.10167151470506,6.7126447914972625,0.6759015033523657,60.678212676006744,6632,False,0
RHL0992,0.42480429709549977,0.1378199245398631,0.8385013706289611,0.6200549811096745,0.3130820525089576,94.29376685328093,8.25272628945812,0.7801717932654251,63.816708920422776,3358,True,2
LBH0942,0.42230581504430725,0.3390377957082497,0.23951791102496411,0.6647724601898286,0.4839599967237159,231.96320103714189,4.401431293392311,0.8319986021079103,98.64741205234847,23965,False,0
HAD0246,0.42018775020351157,0.2839944744575474,0.5732922016797681,0.5846528883609582,0.30512198662866286,194.30360923158446,6.547506005144975,0.7391413610663536,62.1941783307601,7266,False,0
CAH0936,0.4174001884402219,0.24150289790693713,0.44171566315191607,0.6522637213257723,0.4625997754374718,165.23168203478292,5.701505908970375,0.8175011833959569,94.29347667542022,2555,True,1
WIQ0567,0.4167989064795981,0.3733070726000444,0.47526357232297733,0.49420404939474605,0.32581567084198876,255.40958744501407,5.917209519224317,0.6343126725187689,66.41225091380983,11044,False,0
QJR0688,0.4141653882439076,0.258289596279443,0.5572404534728282,0.6068858124356002,0.31786670619109764,176.71682126888243,6.444297783688633,0.7649089474716737,64.7919831300788,6512,False,0
HRL0540,0.4059401432403129,0.14358502494915976,0.47055868229985043,0.7283225616283131,0.48209170929067086,98.23813872617902,5.886958401079772,0.9056521046514964,98.26659189884923,11711,False,0
ATP0662,0.40376743891707206,0.3187563055606455,0.5817179049256862,0.47154117872878165,0.28024027350320807,218.08699184750358,6.601680904683593,0.6080467852194964,57.12244384057185,10630,False,0
VCC0396,0.40223501688955615,0.27095960549850184,0.6948573163992846,0.44263242446454176,0.294810701961087,185.38540020853569,7.329135465038521,0.574542023503354,60.09238984766755,7564,False,0
BRM0995,0.39727924247161306,0.21017594742875115,0.4835127600355164,0.6024410245946084,0.439307035629048,143.79837930677317,5.970249473582845,0.759757512853287,89.54562867710419,10589,False,0
TDS0984,0.39422506906453125,0.35607183284605226,0.22610415396587863,0.6183380311499141,0.3466066489697071,243.61756474256896,4.3151846122665045,0.7781818770360885,70.6501552865286,9836,False,0
BDV0168,0.3921295874590859,0.2515208463055194,0.20158729324050398,0.6885166766269207,0.527164140880314,172.0857714837355,4.157548100745298,0.8595177510338594,107.45387754502862,3463,True,1
CGB0637,0.3915389766490906,0.1734540662978223,0.5408208546272107,0.6193286332115299,0.39440680601091366,118.67396780143845,6.338724386197253,0.7793299682241965,80.39344361559019,6688,False,0
NGF0157,0.38904692496542814,0.2484901174478016,0.7259879259801112,0.45105895304258203,0.21125703019759787,170.01220453571057,7.529296519539726,0.584308228906772,43.06132624171212,5527,False,0
FOB0756,0.38894663436244625,0.1351256247421526,0.7292225040624758,0.6076446302678816,0.24760484057413076,92.45037825902384,7.550093945884739,0.7657884046224095,50.4702390685742,3197,False,0
KMB0922,0.3859401429980947,0.18113348770768314,0.5838315031149643,0.5892884668172067,0.3293222039181795,123.92808163445005,6.615270745938044,0.7445139188104005,67.12700092534777,6162,False,0
RGG0064,0.3855839748566202,0.22593950633167306,0.46170056565779694,0.5324627866680735,0.46501575016915453,154.58350600694163,5.830003205153891,0.6786539078479222,94.7859340199896,2582,True,1
MOH0273,0.38482667666079023,0.31766425112639457,0.2888975093202629,0.5455631799559555,0.4239378623812728,217.33982900760108,4.718928207160437,0.6938370441216699,86.41287147291168,20697,False,0
FFC0891,0.38409263326247,0.3084101166158657,0.6546433338263893,0.40540951610848514,0.18965027215816352,211.00832646993777,7.070570879703792,0.531401296530065,38.65713833804065,3447,False,0
MPT0376,0.3789517592797629,0.3519160973107251,0.6156884388512919,0.31322629859787543,0.24494038623830366,240.77428965748726,6.8201018731154495,0.42456249231563137,49.9271331785412,6888,False,0
JTM0223,0.3788033022258304,0.07389630026519643,0.4479539185355094,0.7167753394102354,0.5364010904006076,50.558440891549445,5.741616134649891,0.8922690676183643,109.33668019732164,2878,True,3
MCD0125,0.37760020702640285,0.1914918653140543,0.5253625480028291,0.6318286830057728,0.2531585369918139,131.01508626207846,6.239331827027937,0.7938173164498546,51.602270192298676,2694,False,0
CQW0652,0.37678229819442044,0.09968986054356338,0.7432638011668797,0.5563450151365938,0.3277822663964711,68.20590345782664,7.640375532812391,0.7063330104053802,66.81310958666846,4084,True,2
MYD0978,0.3747939952994769,0.23725040638522527,0.24128418839710358,0.6285593740361559,0.4966476770461804,162.32220834705157,4.4127879595838655,0.7900282421437731,101.23359032582496,4141,True,1
JGT0221,0.3714944897102062,0.128251573794974,0.27048559007643624,0.742289860869122,0.5368285130643259,87.74728355399552,4.600544750464325,0.9218399703963803,109.42380338914282,3193,True,3
HDH0928,0.3686531077754597,0.21414475167329114,0.6517988570911197,0.42302155865549657,0.31253364016030083,146.51375956380357,7.052281695184053,0.5518133586853033,63.704923939641766,8245,False,0
PMV0850,0.3685976147319426,0.1388580539601647,0.6388606883159853,0.5780102520537707,0.27186461647491306,95.0040352259293,6.969092912817887,0.7314426569089552,55.41520172206459,2655,False,0
FMG0527,0.3673744894716361,0.23620254631759935,0.32718248101644964,0.5757002677532597,0.4235460520199434,161.60528245087608,4.965089795688317,0.7287654238172343,86.33300727251887,1388,True,1
RAB0589,0.36671136864301207,0.19667130114598813,0.635893218819208,0.3732823094592759,0.4502908470397082,134.55875758825624,6.950012919471373,0.49416640243715193,91.78450085139104,910,True,1
KPC0073,0.36362201255031057,0.200278205691746,0.38304909466271864,0.5644135509126319,0.438650157419403,137.0265329656935,5.324296391685583,0.7156843081508084,89.41173468616748,1688,True,1
KKW0879,0.36188625671201624,0.24646069909947768,0.37405408810160623,0.5403834647865505,0.35596862170177496,168.6237151629038,5.266461032122742,0.6878338410461546,72.5584418969411,14132,False,0
GZC0735,0.3549729709458643,0.20979743074468168,0.5541353019800807,0.480845275628708,0.2667707956319898,143.53940540240566,6.424332533873636,0.6188300776009859,54.376908790800776,8292,False,0
JRG0207,0.35296867182788105,0.17804508737368036,0.1747493073179045,0.7036255076359783,0.4726293233722229,121.81505696101235,3.98498740773964,0.8770286329674378,96.3378376856609,4493,True,1
ATE0869,0.35120053035258886,0.2937182035906151,0.4577031784750945,0.37857827463813953,0.3168536304119267,200.95639946405004,5.8043011310694785,0.5003043373254189,64.5854840299369,12055,False,0
RKD0604,0.35037672527786307,0.20324936732146745,0.09804717768990866,0.7057419013077009,0.4868804498957944,139.05934515109948,3.4918143104070536,0.87948149776474,99.24269916160532,2587,True,1
TAP0551,0.34746440879824975,0.20324936732146745,0.4231425278177317,0.4831109205749893,0.40505617441579406,139.05934515109948,5.582085878205104,0.6214559221242291,82.56414499637648,2660,True,1
JMB0308,0.3471599435132203,0.22593950633167306,0.18746994424983243,0.5957890143973958,0.46895265687490423,154.58350600694163,4.066777521602038,0.7520479445144448,95.58840872997158,3624,True,1
LQC0479,0.34668539414827626,0.22593950633167306,0.05495759300927718,0.6751694496841103,0.5101714039514934,154.58350600694163,3.2147604131712533,0.8440485386906863,103.99018316313223,3756,True,1
SAA0999,0.3451686265110109,0.21467096962233076,0.3643237941089851,0.49646447494615414,0.41546240735828677,146.87378785990384,5.2038979814021,0.6369324678508248,84.68528714849704,19285,False,0
BMG0917,0.3402896119379861,0.18556725172536317,0.31771772107576185,0.5569549110219524,0.4218695951813362,126.96157851061953,4.904234054158102,0.7070398695153859,85.99128868076413,17829,False,0
MAS0025,0.33879193430951327,0.21592155793309079,0.09796907589517544,0.6499347633494285,0.4689720341325651,147.72941655798905,3.4913121378571828,0.8148019601319219,95.59235847030934,4105,True,1
ABC0174,0.33674591445825364,0.23234626303964806,0.46625340084598804,0.4427274792285836,0.26583239510700607,158.9668868956226,5.8592766535222065,0.5746521903818744,54.18563103254618,7000,True,2
HJB0742,0.3316345312143439,0.20812070682524347,0.36450627561957927,0.4728901414958217,0.381749719909168,142.39222283889254,5.205071286135907,0.6096102104594948,77.8135014788153,4469,True,1
FTM0406,0.32930053724387115,0.20324936732146745,0.09998375624066531,0.6361416529014207,0.4597908389453061,139.05934515109948,3.504265965227286,0.7988159762786987,93.7209204363769,3114,True,1
BTR0403,0.32907515711064783,0.13128604807993022,0.520351533127787,0.5233340723737363,0.2777127543978949,89.82341305198531,6.2071124122777865,0.6680738809671081,56.60724998087284,5405,False,0
JLM0364,0.32834341603743267,0.047820306450865976,0.21224033681794077,0.7367856436367373,0.5504721012287589,32.717742680421885,4.226044171487849,0.9154606748681376,112.20482800407132,7650,True,3
ESJ0670,0.3281651292614035,0.2996866704564103,0.1564784197298089,0.4978633185924339,0.3501929832317943,205.03991079228356,3.8675107448811454,0.6385537041939182,71.38117147816548,9295,False,0
BAJ0654,0.326291200852559,0.1606458688063946,0.18185198260860053,0.6918451639640963,0.3513411054483804,109.91084307836448,4.030655610036616,0.8633754120761831,71.61519760873982,4960,False,0
AKR0057,0.32456951455729455,0.09765667633758048,0.5409274368101084,0.5446957975349906,0.2743160485099534,66.81483755695051,6.339409679624111,0.6928317624320627,55.91488646401859,4697,True,2
BIH0745,0.32452380144330717,0.16364005288516717,0.35533747686282235,0.5434322500873988,0.3476148159655077,111.9594067848257,5.14611849168783,0.6913673321158462,70.85565381063304,2534,True,1
OLW0689,0.3242117476804837,0.12835177843013568,0.6624898678279431,0.39768834859374147,0.27300650396270304,87.81584165644043,7.121021884071464,0.5224525927780007,55.647957004087914,6716,False,0
BLS0678,0.3241459778369301,0.1523837867337533,0.5148601213002484,0.41974092249020717,0.36856805507218243,104.2580839197642,6.171804180383172,0.5480111563492674,75.1266324575883,2904,True,1
AJR0932,0.3191399487249734,0.20324936732146745,0.04004412146857237,0.6394609391018773,0.46644095151468423,139.05934515109948,3.118870990186754,0.802662973357765,95.0764382462517,2199,True,1
PMC0328,0.3098635749460159,0.16302633590720245,0.7714054892038382,0.29203316012741853,0.115757684736751,111.53951332002143,7.8213186633443055,0.4,23.59533040283728,4446,False,0
BJM0111,0.3069055829301897,0.19797130060007997,0.18799685763834115,0.5378399661381913,0.37105133085294434,135.44819244930983,4.070165426332939,0.6848859687386986,75.63280803169114,15634,False,0
XWD0923,0.30066895269364075,0.18844761957729522,0.2659786366725518,0.47807944846653677,0.35049543607718725,128.93227132291466,4.571566309050671,0.6156245302719814,71.44282159525753,10657,False,0
GCL0016,0.3004928143942833,0.17336572471303666,0.48858484576627337,0.40598481686827953,0.21288900759162696,118.61352617206563,6.002861556740192,0.5320680604693147,43.393978418625025,6087,False,0
SBN0971,0.2982628277207634,0.17708780399855137,0.2920148240601811,0.5241657545864611,0.25322201775127573,121.16010191232614,4.738971663230069,0.669037786713658,51.61520971762808,2259,False,0
CAM0681,0.29495434450538094,0.13342753194575752,0.6179499003733983,0.3318427502142041,0.23355109399231488,91.28857551698127,6.834642433967733,0.44613864774951495,47.605610299004375,5686,False,0
JDF0593,0.29317074472147747,0.18206700182190874,0.1731922154842061,0.5497732143323052,0.32174798208530964,124.56677420763874,3.9749757456621895,0.6987164034087233,65.58311839955802,8363,False,0
IIW0249,0.29298119402811257,0.1775796520084506,0.31394831986267135,0.4544295786782166,0.3036818305509592,121.4966149508257,4.879997865666791,0.5882147275308222,61.90062582439866,11534,False,0
LCC0819,0.29105064707456574,0.0592993254257896,0.4950798512135143,0.5137345968920001,0.2658753162569801,40.571468783810964,6.044622613038669,0.6569482497594924,54.19437981425523,2858,True,2
HWW0436,0.28891185976385897,0.19668058691485996,0.6424632283183419,0.26902448690525826,0.09660571738621378,134.56511073442127,6.992256230705455,0.37333333333333335,19.691511848346025,7992,False,0
IKR0401,0.28769553598503517,0.11540404260121055,0.5924436929611886,0.35808116508265336,0.22349926054433225,78.95724746110398,6.670644701809648,0.4765485308576273,45.55670674760031,4843,True,2
BBS0422,0.28560383444215076,0.14857371552288384,0.42833214058917163,0.4293553291190248,0.22112725223604465,101.65130578045236,5.615453627143246,0.5591540925061225,45.073211246808285,5304,False,0
DMK0257,0.28459265569172704,0.21880035920024574,0.5455060083195683,0.24601581368309802,0.17644904617960358,149.69903754282367,6.368848605291892,0.3466666666666667,35.966282094716455,7118,False,0
WIF0691,0.283110835561891,0.0898622973450242,0.2591769776115616,0.5202852870728881,0.4350613288889795,61.4820719358401,4.527833556356873,0.6645403898974167,88.68021007830197,17713,False,0
RUM0880,0.2809940847162618,0.21120036845508502,0.5006424573506038,0.2922908838818036,0.15541816595770785,144.49926865741844,6.080388604298296,0.4002986975121907,31.679477563106975,10202,False,0
AJD0074,0.27719360318780417,0.13112914069744402,0.6505170271635458,0.2611222001927505,0.19571994285286504,89.71606001002777,7.044039889660514,0.36417471546640146,39.8943424666788,5792,False,0
JCR0172,0.27621730559644536,0.16651744875012256,0.4580517350129572,0.3499047622350168,0.20349192356700446,113.92806622024878,5.806542251468703,0.4670722169839394,41.47853493952962,7850,False,0
VFM0814,0.27264228953423975,0.10783952685929411,0.5099058445926411,0.3937187184869952,0.1939708683349671,73.78174989710749,6.139949576074486,0.5178518580105299,39.53782193637588,3806,False,0
SBH0537,0.270689148077414,0.2073002689085866,0.4630717620251403,0.29203316012741853,0.14764265384731098,141.83089484593998,5.838819611723221,0.4,30.094565272287554,8054,False,0
GHL0460,0.26895446881616014,0.1460965227697678,0.13247968029708693,0.5277445183450169,0.3472252937505428,99.95645769014305,3.713205607389979,0.6731855139340281,70.77625601184117,745,True,1
DPM0423,0.26780611358016515,0.15005175296664572,0.686933184440463,0.24601581368309802,0.05929881389759854,102.66255084235334,7.278185527654022,0.3466666666666667,12.087103414275386,8406,False,0
BQS0525,0.2664650466587988,0.12118985969570621,0.22684252597608917,0.5455820323038583,0.2415005967288925,82.91579329535526,4.319932136396869,0.6938588936769465,49.225987762793245,1093,False,0
JMD0520,0.2657674248225284,0.20807759651574725,0.4872202170826793,0.24601581368309802,0.1572559291927942,142.36272758640143,5.994087378528179,0.3466666666666667,32.05407585291091,5784,False,0
RHO0732,0.2637944383632413,0.16347345664468357,0.561842050385567,0.24601581368309802,0.16355128138319988,111.84542481080241,6.473884756216487,0.3466666666666667,33.337281501612765,8619,False,0
CSC0217,0.26333788577885653,0.04110069431287587,0.1848857861740625,0.5982965648778442,0.4023087306628839,28.12031206652797,4.0501621127678185,0.7549541534977404,82.00412305692122,2473,True,3
ESR0693,0.2630368759079184,0.06974596333903796,0.5623716663143743,0.38216668511589796,0.18081657353635908,47.7188594320156,6.477290037520583,0.5044632449316774,36.856531854466176,2773,False,0
HVF0067,0.262169529260607,0.17136826924785367,0.5693447362375458,0.29203316012741853,0.04496656188067789,117.24690519500002,6.522124913795935,0.4,9.165705819592763,8702,False,0
MGS0974,0.2587931908196311,0.18140413382822423,0.4257068012157154,0.29521960375575024,0.1819018407084049,124.11325255422273,5.598573434159869,0.4036930347642561,37.077746001570176,6041,False,0
JFC0557,0.25862538086572584,0.14382947722548686,0.5937591868856363,0.24601581368309802,0.1389186611841954,98.4053883167422,6.679102957354685,0.3466666666666667,28.31632057271308,10386,False,0
EZT0640,0.25812367148429494,0.004871339503776018,0.9344325599793749,0.23585527134709575,0.06883203900090396,3.3328776877930606,8.8695368266909,0.3348907683777653,14.030297048708016,2213,False,0
BRS0734,0.2570870762473894,0.13312753121076146,0.17133799215494974,0.5158585668394945,0.2706921574814749,91.083320729214,3.9630536117283497,0.6594098953334449,55.17621493343915,3821,False,0
KLH0596,0.25473044969937564,0.1460965227697678,0.08923662937771067,0.5039263865926353,0.3497527871184501,99.95645769014305,3.4351649654488514,0.6455806983963908,71.29144462538657,959,True,1
WXH0872,0.2536939741860013,0.17360887382698245,0.5554101109942602,0.24601581368309802,0.0777629935705452,118.77988416375322,6.43252919690085,0.3466666666666667,15.85072758308369,9410,False,0
VSS0154,0.2531138975171502,0.11603945254078711,0.5813204686539714,0.29203316012741853,0.11617155158790941,79.3919828369847,6.599125501358228,0.4,23.679690461679787,4140,True,2
PPF0435,0.252704475479012,0.1331074127414641,0.14170472120915076,0.4943246786287219,0.31692930988943796,91.06955605578449,3.772520023061194,0.6344524797793454,64.60091006649466,3703,True,1
DCH0843,0.25114349310207024,0.08736338390065318,0.2676337705438025,0.4263096988455027,0.3739597381444852,59.77236296236076,4.5822083538249645,0.5556242580602274,76.22563978317261,1049,True,1
JNJ0556,0.2511007077340002,0.19441862415629738,0.39474064094387545,0.29203316012741853,0.14251226567234337,133.0175189061801,5.399469742413264,0.4,29.04881868225803,19402,False,0
VSA0230,0.24569101533472676,0.04578621891939304,0.5445333600151515,0.34763168524443483,0.2104128963522033,31.326058741454133,6.3625947505523825,0.4644377588459039,42.88926322031015,4094,False,0
MSO0222,0.24567576035396763,0.11132696594017653,0.1167394730755568,0.5238656983631016,0.3122043651467351,76.16778927933507,3.61200050675265,0.6686900265793674,63.63780655770595,4939,True,3
HRD0635,0.243795130148852,0.0,1.0,0.15068634379624876,0.04082362799859874,0.0,9.291117004920238,0.23618140867559456,8.321235804430723,624,False,0
CFM0767,0.24208189308423303,0.12974550514562516,0.5858770049706415,0.29203316012741853,0.0,88.76940292420575,6.628422746940578,0.4,0.0,4137,False,0
BBS0039,0.24072420899027713,0.035767038099844516,0.24834918936878572,0.5233971927696693,0.30598838456109884,24.47112609355449,4.458213926617126,0.6681470364481722,62.370779525943405,3657,True,3
CLB0774,0.23696785478615082,0.2125494590469043,0.1513700338459751,0.31322629859787543,0.28911659832483466,145.4222907397021,3.8346652619601493,0.42456249231563137,58.93173898504092,15080,False,0
BWP0202,0.23270239774252582,0.14256729751169628,0.5433248094105304,0.22300714046093784,0.07505821160337842,97.5418290015237,6.354824110442976,0.32000000000000006,15.299401558137077,6246,False,0
LCB0664,0.23267331938865943,0.09843509401074638,0.687737483345632,0.22300714046093784,0.0,67.34741609980661,7.283356943156657,0.32000000000000006,0.0,13463,False,0
THR0873,0.23252698716212447,0.22189567183932377,0.2997022233505466,0.22300714046093784,0.18717659094034134,151.81679148371208,4.7883994762106115,0.32000000000000006,38.15291846029739,20061,False,0
LIM0674,0.23230216806824788,0.12044888973312388,0.5253767998058458,0.24601581368309802,0.11695532528703086,82.40883576268868,6.23942346210861,0.3466666666666667,23.839450044241246,4775,False,0
NDM0417,0.23112986606239294,0.11866735796931917,0.6117394108279687,0.22300714046093784,0.03708837062558062,81.18994566868543,6.794710734809889,0.32000000000000006,7.559864047070276,6996,False,0
RRC0553,0.22959305161062116,0.11300858136585763,0.1468795517755002,0.48159996866115534,0.2307581102925948,77.3183185182347,3.8057927265826668,0.6197047541778407,47.036305778492384,2393,False,0
RSM0277,0.22822611687415081,0.09594007450917619,0.6704915097762294,0.22300714046093784,0.0,65.64037128781065,7.172470188864587,0.32000000000000006,0.0,5776,False,0
MDH0580,0.2277804895350381,0.09380266123531236,0.4610616105922898,0.29203316012741853,0.16692541927067048,64.17799384428993,5.825894903986233,0.4,34.025044896852165,2839,True,2
OCS0865,0.2264910096347535,0.11099012912115976,0.6317158643552756,0.22300714046093784,0.0,75.93733194462087,6.923153706440061,0.32000000000000006,0.0,9190,False,0
AHG0634,0.22270964528258308,0.01903179049531879,0.9029185797540962,0.13097244757229679,0.011800674937081007,13.021188494752172,8.666910806887326,0.21333333333333335,2.405376582557956,1046,False,0
ANM0123,0.22220423284575308,0.016256474715503847,0.6902040365777293,0.23918543523164873,0.11909651224062329,11.122370308921509,7.299216185958765,0.3387503725104024,24.27589634790698,456,False,0
HRB0351,0.22149340151237099,0.1722169800713627,0.21271873712766082,0.29203316012741853,0.24703048017626078,117.82757697221226,4.229120150781433,0.4,50.35316499795101,13685,False,0
DIW0118,0.2210074512555351,0.116116856284595,0.5940446181323131,0.22300714046093784,0.0,79.44494100393015,6.680938199905078,0.32000000000000006,0.0,9717,False,0
CCL0068,0.22100079969476083,0.12817142756343367,0.558093956324957,0.22300714046093784,0.015744348594409995,87.69244902918885,6.449785566716405,0.32000000000000006,3.2092306260908496,5835,True,2
SGM0021,0.22061166074805305,0.13553972845180753,0.5532199212604778,0.22300714046093784,0.0,92.73370012835187,6.418446893580275,0.32000000000000006,0.0,10126,False,0
RNP0211,0.22016483518178234,0.13538896806644216,0.551287314199855,0.22300714046093784,0.0,92.63055274472198,6.406020774323395,0.32000000000000006,0.0,12272,False,0
RDT0424,0.21962222961269579,0.08939108272408199,0.6147340751494801,0.22300714046093784,0.03444797585288339,61.1596758689918,6.813965583222496,0.32000000000000006,7.0216623095580175,5431,False,0
VMJ0546,0.219582287496008,0.15889493614668998,0.436433963365304,0.24601581368309802,0.04822377962331147,108.71288830846306,5.667546066452604,0.3466666666666667,9.829636935753236,10082,False,0
JJM0203,0.218049357032752,0.08035197933825727,0.6507839009110732,0.22300714046093784,0.0,54.975293530434286,7.045755812716408,0.32000000000000006,0.0,3910,True,2
AJN0607,0.21563888581578033,0.07416081430962375,0.6511138748834818,0.22300714046093784,0.0,50.73941636166323,7.047877452451851,0.32000000000000006,0.0,9100,False,0
DIB0285,0.2151964795197435,0.08132583481179603,0.5374255799285595,0.26902448690525826,0.05283271921999061,55.64158689314829,6.316893725855097,0.37333333333333335,10.769094673161124,3196,True,2
ACV0812,0.21503418768941696,0.021723405408255698,0.6975952443664335,0.22361753901439804,0.0728092793281898,14.862740141995141,7.346739570979011,0.32070744169391147,14.840993114608203,4582,False,0
JAJ0849,0.21478761572262464,0.014614018511328052,0.7506247753598022,0.20087174024012128,0.05732745457401779,9.998633063379181,7.687704524324301,0.29434544210688074,11.68527372419146,1973,False,0
IUB0565,0.21310188817775452,0.09842111738167768,0.5611474390215447,0.24601581368309802,0.0,67.33785355645739,6.4694186007199095,0.3466666666666667,0.0,4182,True,2
IJM0444,0.213091210014937,0.12271888425837409,0.5412593559817644,0.22300714046093784,0.0,83.96192277268959,6.3415438264430275,0.32000000000000006,0.0,8021,False,0
RLG0856,0.21291787210290494,0.1113211438647195,0.47368917402829586,0.22300714046093784,0.11933196424082343,76.16380592621991,5.907086581475535,0.32000000000000006,24.323889427168762,7026,False,0
KWE0082,0.21180924437856608,0.12403154211098177,0.5322242120946945,0.22300714046093784,0.0,84.86001826886088,6.283450395175305,0.32000000000000006,0.0,8633,False,0
JCG0316,0.2114845990816009,0.1138922418009906,0.5508795862298509,0.22300714046093784,0.0,77.92290215391792,6.403399198275751,0.32000000000000006,0.0,10414,False,0
DRR0162,0.20983647834483887,0.10380578404936851,0.562811898049285,0.22300714046093784,0.0,71.0219399107422,6.480120603624849,0.32000000000000006,0.0,5663,True,2
XHW0498,0.209618918604749,0.09929016283631188,0.5707553417749488,0.22300714046093784,0.0,67.93243790090375,6.531194710232742,0.32000000000000006,0.0,5160,True,2
MBJ0312,0.20901884099461174,0.08160091696718677,0.6031334454625128,0.22300714046093784,0.0,55.8297928634571,6.739376800597067,0.32000000000000006,0.0,9209,False,0
CTA0020,0.20782404421234352,0.08179914372258436,0.4763556513681598,0.22300714046093784,0.16054314222962246,55.96541583321236,5.924231280000149,0.32000000000000006,32.72412102429513,11265,False,0
NWT0098,0.20756182058127573,0.1106451403025359,0.5377598967251346,0.22300714046093784,0.0,75.7012971670739,6.319043288727169,0.32000000000000006,0.0,6350,True,2
KBG0549,0.20575255589330085,0.0932721830645539,0.4621511548301373,0.29203316012741853,0.02003441113064795,63.815050785648324,5.8329003666645995,0.4,4.083690436008172,5345,False,0
BCR0581,0.20569977873598974,0.014614018511328052,0.7198481504193287,0.19107477374854137,0.05410565206971642,9.998633063379181,7.489819491393003,0.282990922128569,11.028561431141037,1500,False,0
SMY0792,0.20510644342558912,0.11351300361110822,0.5197472843295569,0.22300714046093784,0.0,77.66343460901815,6.203227262636858,0.32000000000000006,0.0,6859,False,0
CTR0341,0.20379745717825684,0.022897437684098514,0.7865986244110503,0.13097244757229679,0.030504302195554396,15.665990659408749,7.919006244962621,0.21333333333333335,6.2178082660251235,3494,False,0
LOM0086,0.20373605306459455,0.07162442252023946,0.5966724947063214,0.22300714046093784,0.0,49.00406541850115,6.697834706373634,0.32000000000000006,0.0,2680,False,0
SED0886,0.20146477079723715,0.01746356944931863,0.8086811556221775,0.13097244757229679,0.0,11.948241530228355,8.060990703114618,0.21333333333333335,0.0,2561,False,0
AHM0410,0.20099439923787155,0.11038802202498871,0.3935055402770463,0.21526598346294265,0.1621439100448742,75.5253817397676,5.39152839287927,0.31102812877184716,33.05041163372627,7226,False,0
CIM0271,0.2008925943714941,0.10475176150942632,0.5162005232624455,0.22300714046093784,0.0,71.66915966771828,6.180422587597855,0.32000000000000006,0.0,7162,False,0
KCS0173,0.20052975863095313,0.08469518822546226,0.5544994911276687,0.22300714046093784,0.0,57.94683431143907,6.426674167551892,0.32000000000000006,0.0,8357,False,0
GNS0178,0.1996528451313713,0.14305939275571902,0.2623678597721418,0.29203316012741853,0.11298150695200466,97.87851119290066,4.548350030227792,0.4,23.02945149607551,7802,False,0
DAL0673,0.19921853493416197,0.08237975516764838,0.5525742387593408,0.22300714046093784,0.0,56.36265912307774,6.414295336895687,0.32000000000000006,0.0,5325,False,0
TSR0676,0.19896550016861564,0.04881799507059033,0.6184325851257252,0.22300714046093784,0.0,33.40034222772645,6.837745961020956,0.32000000000000006,0.0,5939,False,0
CAB0614,0.198075061764294,0.1135892582427541,0.4844378667597895,0.22300714046093784,0.0,77.71560657531334,5.976197649347791,0.32000000000000006,0.0,10200,False,0
RRP0568,0.19583404638050378,0.10111785783748581,0.4863673292055676,0.22300714046093784,0.015744348594409995,69.1829120024895,5.988603549616614,0.32000000000000006,3.2092306260908496,6398,False,0
VIA0063,0.19519514791455278,0.14920553201070977,0.29875725882029214,0.22300714046093784,0.13339798820650653,102.0835825851018,4.78232362034435,0.32000000000000006,27.19102074272064,20379,False,0
HCS0003,0.19512128403244383,0.11453310992280026,0.4677812747404463,0.22300714046093784,0.0,78.36137191410228,5.869100452476917,0.32000000000000006,0.0,15455,False,0
KMW0545,0.1936352171972212,0.08132959872059556,0.46178609642923146,0.26902448690525826,0.00993357797881422,55.64416208784517,5.8305531439322555,0.37333333333333335,2.0247990880734736,5022,False,0
HJS0072,0.19341097962457482,0.06161999929658887,0.5344310512562768,0.19999846723877754,0.07918101896659686,42.15922963657761,6.297639749628837,0.29333333333333333,16.139769108193175,425,False,0
QRM0739,0.19340620366804828,0.1472610218361643,0.3937500490917405,0.22300714046093784,0.0,100.7531857672644,5.393100515714094,0.32000000000000006,0.0,23539,False,0
BTN0061,0.1927676179041487,0.02435669751888009,0.6273949079436146,0.19107477374854137,0.06518175913825613,16.664388438965304,6.895371173317276,0.282990922128569,13.286246581407559,4882,False,0
JMK0099,0.19248980972704435,0.09102783712674466,0.5016344488055602,0.22300714046093784,0.0,62.279512050560115,6.0867668300495374,0.32000000000000006,0.0,5441,False,0
SJO0209,0.19207657015866167,0.09490819342325187,0.49180753837063235,0.22300714046093784,0.0,64.93437790651029,6.023582562808092,0.32000000000000006,0.0,8485,False,0
FEB0306,0.19054742295203023,0.08290055430349415,0.40324709167506845,0.24601581368309802,0.10155886316562912,56.718979970421024,5.454163825547017,0.3466666666666667,20.70113044485221,3412,False,0
AAF0535,0.1902548988306267,0.06806762494220116,0.536380318692559,0.22300714046093784,0.0,46.570572273822705,6.3101729904103285,0.32000000000000006,0.0,1916,True,2
TSG0906,0.1900579362178282,0.01746356944931863,0.7516469827251328,0.13097244757229679,0.0,11.948241530228355,7.694277029871686,0.21333333333333335,0.0,2421,False,0
SSJ0784,0.18987660297152611,0.020693097105414768,0.74428126118143,0.13097244757229679,0.0,14.157822828918382,7.646917514230919,0.21333333333333335,0.0,3138,False,0
IAR0694,0.1895092964409702,0.0,0.6889351344893949,0.17322254910711263,0.05611088177542015,0.0,7.291057502801587,0.2623004929510653,11.4372950504015,4877,False,0
ESH0283,0.1893339405895482,0.11141868896998086,0.2468887129606754,0.29203316012741853,0.14920288251710742,76.23054442897197,4.448823474523263,0.4,30.41259263307614,7333,False,0
MDH0686,0.18857808486303365,0.028774469502870825,0.686973578478028,0.1342001486659596,0.04082362799859874,19.686943870338293,7.278445249942259,0.21707418480848245,8.321235804430723,6110,False,0
EHB0420,0.18746532314746897,0.021396469374705844,0.6308781957656381,0.1761816124554785,0.057904620870595946,14.63905673608405,6.917767733261827,0.2657299977814622,11.802919731850594,6191,False,0
HFB0347,0.18721419075328974,0.12261112215002244,0.16116242751940224,0.3216794040674257,0.17011603581695942,83.88819399106058,3.8976275961436504,0.43435949989091255,34.67540043713144,3360,False,0
SCP0130,0.18633722850847373,0.0538486740088867,0.49032863842591473,0.22300714046093784,0.07320164069667756,36.84223692114739,6.014073652561157,0.32000000000000006,14.920969628891743,4966,False,0
SBN0866,0.18552745331866485,0.14653660652282016,0.230684300397861,0.29203316012741853,0.0517844039873995,100.25755461023483,4.3446336642426715,0.4,10.555412580818262,13311,False,0
GHH0288,0.18537327589903832,0.09811211061685915,0.3213572291047557,0.26902448690525826,0.09733909403352625,67.12643701465355,4.927635066048267,0.37333333333333335,19.840998807612834,4202,False,0
BEH0615,0.18468779647457997,0.05523403181578156,0.5253614869623536,0.22300714046093784,0.011800674937081007,37.79007234108286,6.239325004836425,0.32000000000000006,2.405376582557956,7298,False,0
IJM0776,0.1845793166822878,0.08241703632704923,0.47930358518116817,0.22300714046093784,0.0,56.38816618212092,5.943185664400477,0.32000000000000006,0.0,2062,True,2
MKW0441,0.1842235516531984,0.03572801892430042,0.6284244778966196,0.17698979401661727,0.0,24.444429916975913,6.901991018230404,0.26666666666666666,0.0,3851,False,0
JJH0613,0.18387568512462257,0.04805800087818439,0.6020251813459724,0.17698979401661727,0.0,32.88036867943267,6.732250974369456,0.26666666666666666,0.0,9910,False,0
SJC0333,0.18323866358011137,0.014614018511328052,0.7055487090069082,0.13097244757229679,0.023601349874162014,9.998633063379181,7.39787810924766,0.21333333333333335,4.810753165115912,2269,False,0
VTT0385,0.18277528422520783,0.08528094428597707,0.46455560697791265,0.22300714046093784,0.0,58.34759744918919,5.848360316979637,0.32000000000000006,0.0,10302,False,0
HAH0760,0.18175613263807197,0.10166429693154433,0.42669314375109885,0.22300714046093784,0.0,69.55677522079193,5.60491533894876,0.32000000000000006,0.0,5442,False,0
JMC0925,0.18150299085181315,0.023664874730158072,0.6643795780785899,0.1342001486659596,0.03740725451694678,16.191056466383415,7.133172188918182,0.21707418480848245,7.624863366934335,5065,False,0
GKO0078,0.18061413203930674,0.05823272208052928,0.5366071319870032,0.19999846723877754,0.0,39.841719094143876,6.311631336032279,0.29333333333333333,0.0,8893,False,0
RMW0542,0.1790279669124414,0.05352934269116197,0.49006377867379275,0.22300714046093784,0.02567792657322421,36.623756516931394,6.0123706789286615,0.32000000000000006,5.234029714164322,3110,True,2
WDV0573,0.17871781758012883,0.012592229945542611,0.585819014252026,0.19318810859597646,0.054800637350083094,8.615363842435295,6.628049882947689,0.28544024179978433,11.170222931650938,1441,False,0
IBP0883,0.1778910317909641,0.01367557893293925,0.698388441623571,0.13097244757229679,0.0,9.356570581441815,7.351839606010572,0.21333333333333335,0.0,2166,False,0
LBC0356,0.1777369931784666,0.0,0.3858999799717976,0.3335204217218288,0.11451261169099927,0.0,5.342626781530525,0.44808304091108603,23.341542414964266,6754,False,0
DMG0358,0.17741948741313118,0.0,0.39693673860954454,0.32302459804141365,0.11517326787245899,0.0,5.413590032072439,0.4359185571629241,23.476206484305916,7289,False,0
JDB0169,0.17737424531452994,0.12547476329805998,0.3571627744003574,0.22300714046093784,0.0,85.84744271120053,5.157854640925219,0.32000000000000006,0.0,20769,False,0
MVB0515,0.17669971857121447,0.09915056825395895,0.40643853077198205,0.22300714046093784,0.0,67.83692994698261,5.4746838803617495,0.32000000000000006,0.0,4959,False,0
TNM0961,0.17595688629784972,0.07139346101351025,0.4582385838860557,0.22300714046093784,0.0,48.846045955493054,5.807743637113743,0.32000000000000006,0.0,2607,True,2
KDT0346,0.17397996206942473,0.012592229945542611,0.6809997909906674,0.13097244757229679,0.0,8.615363842435295,7.240035478372203,0.21333333333333335,0.0,2074,False,0
DAR0885,0.17387277725145564,0.0,0.7114782861894539,0.10986828884923452,0.027400318675041547,0.0,7.436003621005566,0.18887396705373832,5.585111465825469,225,False,0
IBM0671,0.17298647979998577,0.08547288194866055,0.4152277095264354,0.22300714046093784,0.0,58.47891754151883,5.531195825080445,0.32000000000000006,0.0,5802,False,0
KJJ0293,0.17229299328038214,0.042280069043643675,0.515098482820344,0.19999846723877754,0.015744348594409995,28.927217789825654,6.173336777844554,0.29333333333333333,3.2092306260908496,2666,False,0
CWR0502,0.17222612569649645,0.05630197422450837,0.4697677544572932,0.22300714046093784,0.0,38.520738192464094,5.881872957744987,0.32000000000000006,0.0,7278,False,0
HMM0108,0.17216407649573362,0.02841419952728611,0.5177890946152859,0.17698979401661727,0.08662086171738444,19.440454016309992,6.190636654120047,0.26666666666666666,17.65626063313341,1283,False,0
WNB0908,0.17202332144524757,0.01367557893293925,0.6690498898949884,0.13097244757229679,0.0,9.356570581441815,7.163200978929268,0.21333333333333335,0.0,2157,False,0
NKP0236,0.17199823823458277,0.10629470940531227,0.2823603222030161,0.29203316012741853,0.0,72.72481522439614,4.676895934600451,0.4,0.0,5581,False,0
BIS0247,0.17190474244018333,0.07876956016501263,0.33694314171161815,0.29203316012741853,0.0,53.892632477728995,5.027848095756321,0.4,0.0,5305,False,0
SMH0291,0.17144130609677566,0.0,0.5715820772474508,0.19521854588406531,0.055468361175127705,0.0,6.536510386546111,0.28779348458898124,11.306327625741904,2017,False,0
MSH0040,0.1709209887189772,0.0,0.3575369745705859,0.33155603102753745,0.11016390698650438,0.0,5.1602606426603606,0.4458063450172386,22.455129348218183,5226,False,0
MTB0620,0.1703653843538115,0.04831909010859736,0.5339514990310911,0.17698979401661727,0.0,33.059000957041725,6.294556363843141,0.26666666666666666,0.0,9989,False,0
KJP0371,0.16920083574525202,0.0,0.35230449164058464,0.32597429218972684,0.11497576246468927,0.0,5.126617250673148,0.43933720324747655,23.435948203715114,6993,False,0
SAK0375,0.16848611617645154,0.0,0.3334791519212795,0.338128119293766,0.11505503979169428,0.0,5.005575616721968,0.45342328517746633,23.452107603658117,6503,False,0
UAD0771,0.16820552538084516,0.07747887790478696,0.40731094551847963,0.22300714046093784,0.0,53.0095722632229,5.4802932615455,0.32000000000000006,0.0,5289,False,0
CBB0365,0.16820432577877836,0.0,0.3390310987749727,0.3325475431495749,0.11507480157593392,0.0,5.041273071790574,0.44695549095012393,23.456135723515075,6987,False,0
LAF0991,0.1681486346372734,0.03200399715896697,0.613019619403062,0.13097244757229679,0.0,21.896525169028322,6.802942115493484,0.21333333333333335,0.0,5220,False,0
YIC0195,0.16792216151115594,0.020693097105414768,0.5426239700972093,0.17008404185378195,0.05732745457401779,14.157822828918382,6.350317910985943,0.25866301564207916,11.68527372419146,5592,False,0
FSC0601,0.16772719863905955,0.07565057808653239,0.40857591144606065,0.22300714046093784,0.0,51.758684357312546,5.488426636297295,0.32000000000000006,0.0,6822,True,2
HCM0267,0.1675781497460533,0.13755839221108337,0.28401503873192746,0.22300714046093784,0.0,94.11483141621052,4.687535295981009,0.32000000000000006,0.0,19145,False,0
BBG0325,0.16698872459530878,0.048363901215385224,0.48821773649730155,0.19999846723877754,0.0,33.089659862639,6.000501147503624,0.29333333333333333,0.0,7123,False,0
BLB0114,0.1669517762241561,0.022334908953094645,0.6086724913435988,0.13097244757229679,0.023601349874162014,15.281119218021416,6.7749913060441935,0.21333333333333335,4.810753165115912,5035,False,0
LDG0459,0.16677797418342158,0.02459835971326885,0.4454373263797698,0.22300714046093784,0.08066253271283766,16.8297291086183,5.725435155657673,0.32000000000000006,16.441751705878964,2275,False,0
ALC0788,0.16674008747112284,0.022621800107104396,0.6247412776760345,0.13097244757229679,0.0,15.477404680219877,6.878309077850237,0.21333333333333335,0.0,1960,False,0
DFH0188,0.16582152271802358,0.09674442700099692,0.1466554988692224,0.26138475697068947,0.21630975267405309,66.19069393952319,3.8043521294794145,0.36447901437189545,44.09124193618137,9466,False,0
FIR0920,0.16437159101852272,0.030883561767066376,0.5409946569216388,0.1457521820370569,0.04920792945402777,21.12994461856894,6.339841886014824,0.23046279788733506,10.03023994949229,5388,False,0
KRV0372,0.16433152402145013,0.0,0.32472899378386194,0.32831015522949925,0.1153879097153529,0.0,4.949314563584206,0.4420444293643047,23.51995774982987,7002,False,0
PNL0301,0.16410996043953663,0.047920212418767254,0.4341421903381688,0.22300714046093784,0.015744348594409995,32.78609644041694,5.652810611157462,0.32000000000000006,3.2092306260908496,1476,True,2
RVF0201,0.16353566888184823,0.03362849410761078,0.5291841136732479,0.17698979401661727,0.0,23.007975034065655,6.263903418292496,0.26666666666666666,0.0,5632,False,0
LNS0989,0.16171319949522497,0.004871339503776018,0.606963437207644,0.12728729326591498,0.0436676862380467,3.3328776877930606,6.764002569149589,0.2090623012510111,8.900951043183948,4186,False,0
SGB0140,0.16102839459847657,0.0,0.6017143830201025,0.14029771926765613,0.03740725451694678,0.0,6.73025262864218,0.22414116694786548,7.624863366934335,1591,False,0
OSH0655,0.16063482830716988,0.025377015973067234,0.588704550124344,0.13097244757229679,0.0,17.362470887903193,6.64660306615808,0.21333333333333335,0.0,2103,False,0
CCH0685,0.1605276333315715,0.014614018511328052,0.6008440639670196,0.13097244757229679,0.011800674937081007,9.998633063379181,6.724656722177025,0.21333333333333335,2.405376582557956,4093,False,0
AJH0175,0.15966754851119166,0.1033270798258847,0.2266421327449157,0.29203316012741853,0.0,70.69441960051444,4.318643664342942,0.4,0.0,8667,False,0
CPG0322,0.15924901652692763,0.049186286850949064,0.4191135833565678,0.22300714046093784,0.0,33.652320447762996,5.556180899705421,0.32000000000000006,0.0,6641,False,0
GCS0571,0.15921117900679455,0.02204714784620616,0.374255729890542,0.219774413166001,0.13731713732468961,15.084238550636224,5.2677575320515375,0.3162533232418075,27.989875855897928,2159,False,0
USH0199,0.15819248172535097,0.07649204819443985,0.35921938666170283,0.22300714046093784,0.0,52.33440217484829,5.171078078707965,0.32000000000000006,0.0,4712,False,0
AGB0643,0.15786419222547754,0.023418257940491283,0.5787688857810341,0.13097244757229679,0.0,16.022325957027935,6.582719541906381,0.21333333333333335,0.0,2084,False,0
IUY0279,0.1577128432337729,0.02457295634624627,0.5551525050047198,0.13097244757229679,0.027400318675041547,16.812348608844314,6.430872862919392,0.21333333333333335,5.585111465825469,5039,False,0
ACC0042,0.15763477528890313,0.0,0.2806115880746641,0.3373667891795616,0.11447173586053273,0.0,4.665652066526992,0.45254091633408466,23.333210538531684,6411,False,0
SAB0781,0.15738513505500312,0.06517752737172317,0.377811694955397,0.22300714046093784,0.0,44.59322257345291,5.290621386204564,0.32000000000000006,0.0,4197,False,0
CEJ0109,0.1573682558645833,0.03319192091293634,0.4112612437377393,0.17698979401661727,0.11727860165137724,22.709279971138688,5.5056925668532966,0.26666666666666666,23.905344698626635,5395,True,2
XAA0104,0.15707856255015354,0.045119384474793106,0.41639511822500913,0.22300714046093784,0.0,30.869823317884034,5.5387019343178405,0.32000000000000006,0.0,4729,False,0
HWH0646,0.15642662956503578,0.0,0.7622217959983094,0.015929081461495565,0.0,0.0,7.762270101784291,0.08000000000000002,0.0,1989,False,0
CCM0136,0.15640820917105433,0.025434474481600588,0.49363416468437743,0.17698979401661727,0.021734252915895227,17.401782904837393,6.0353272557023825,0.26666666666666666,4.43017567063143,1707,False,0
LAP0338,0.15628486207389095,0.012592229945542611,0.5925242910129984,0.13097244757229679,0.0,8.615363842435295,6.6711629245896775,0.21333333333333335,0.0,3099,False,0
SRH0155,0.15534575762376102,0.020313120387309203,0.5475404757276535,0.13097244757229679,0.03312868286821617,13.897849997077529,6.381929657903258,0.21333333333333335,6.752745788446178,6696,False,0
KNW0644,0.15519963594628605,0.023418257940491283,0.5654461043850767,0.13097244757229679,0.0,16.022325957027935,6.49705780867947,0.21333333333333335,0.0,2042,False,0
ASM0575,0.15424336903125582,0.012592229945542611,0.5823168257998228,0.13097244757229679,0.0,8.615363842435295,6.605531797272724,0.21333333333333335,0.0,1386,False,0
MJS0890,0.15390888724139018,0.018546918436715267,0.5687350398681493,0.13097244757229679,0.0,12.689448269234875,6.51820473780622,0.21333333333333335,0.0,2178,False,0
CQH0701,0.15384246130284346,0.0502033623087702,0.39004665632050456,0.22300714046093784,0.0,34.348184100367455,5.369288742918637,0.32000000000000006,0.0,1824,False,0
DIB0081,0.1533436987691287,0.049379831971675725,0.41796074585382015,0.19999846723877754,0.0,33.78474033226316,5.5487684791545355,0.29333333333333333,0.0,4540,False,0
RAR0725,0.15179188069247512,0.055653001336702076,0.36889447521279906,0.22300714046093784,0.0,38.07672330578342,5.233286173983192,0.32000000000000006,0.0,1651,True,2
SDB0106,0.15174532683895972,0.0,0.517166342320804,0.16317118645373732,0.050128411742430566,0.0,6.186632532208046,0.2506511320846078,10.217865365240849,4163,False,0
PMJ0564,0.15167850177643571,0.012592229945542611,0.5694924895257223,0.13097244757229679,0.0,8.615363842435295,6.523074925837641,0.21333333333333335,0.0,4910,False,0
WBC0192,0.151466232325842,0.03434296134587837,0.4674079964166817,0.17698979401661727,0.0,23.49679990764208,5.8667003779549844,0.26666666666666666,0.0,6419,False,0
PGH0184,0.15128258140384235,0.0,0.6502190306092414,0.08495510112797632,0.0,0.0,7.04212385571995,0.16000000000000003,0.0,1349,False,0
AKK0329,0.15087021216403826,0.015441780883533188,0.5597519395877539,0.13097244757229679,0.0,10.56497230928447,6.460445932276069,0.21333333333333335,0.0,1971,False,0
HXL0968,0.15080756256883027,0.06492713766897473,0.34542461193002955,0.22300714046093784,0.0,44.42191070884226,5.082381561226376,0.32000000000000006,0.0,2138,True,2
MTT0901,0.15079824386373217,0.023669161247572467,0.419158989510383,0.17698979401661727,0.08834221972314826,16.193989219938715,5.556472848489941,0.26666666666666666,18.00713160105172,527,False,0
EGD0132,0.15045423469100894,0.044273234446045924,0.4019183590686734,0.19999846723877754,0.015744348594409995,30.290903587663852,5.4456204490045295,0.29333333333333333,3.2092306260908496,1870,True,2
MHH0180,0.1495989499215354,0.011310900053552198,0.5616573900352017,0.13097244757229679,0.0,7.738702340109938,6.472697442156423,0.21333333333333335,0.0,1736,False,0
CAA0612,0.14949873774184352,0.05158963334625695,0.36555549644053137,0.22300714046093784,0.0,35.29664433527655,5.211817480597057,0.32000000000000006,0.0,7236,False,0
CCH0182,0.14852413610206552,0.016852065904479678,0.5452009892359972,0.13097244757229679,0.0,11.529862454202082,6.3668874184654,0.21333333333333335,0.0,2111,False,0
KSP0357,0.14826080188126137,0.0,0.24189288113796448,0.3347449877064131,0.10797319151376807,0.0,4.416701682524677,0.44950229236495937,22.00858745758368,4393,False,0
PSF0133,0.1481638176088021,0.0406352650038471,0.39093263261937017,0.17698979401661727,0.06317157719489933,27.80187419987866,5.374985321065736,0.26666666666666666,12.876503528657445,1931,True,2
WPR0368,0.14757808425620594,0.0,0.22457489950436843,0.33887841524908613,0.1196233369537381,0.0,4.305351936654361,0.4542928656156204,24.38328103859592,8004,False,0
JAV0361,0.1464218278884327,0.0,0.23624056324328085,0.32769749109978613,0.11499561643219983,0.0,4.3803588699228735,0.44133436190548453,23.439995113639792,7035,False,0
JBD0616,0.1462626698621952,0.03617970597467347,0.43771669484085735,0.17698979401661727,0.0,24.75346559204773,5.675793668675812,0.26666666666666666,0.0,12340,False,0
EDB0714,0.14604637775153467,0.0621929895428586,0.32708698409578385,0.22300714046093784,0.0,42.551258647414386,4.964475777376454,0.32000000000000006,0.0,2394,True,2
BWH0813,0.14600798012195737,0.027902645184800394,0.510519050774815,0.13097244757229679,0.0,19.09045828046717,6.14389231917214,0.21333333333333335,0.0,4399,False,0
TSM0363,0.14573849905623878,0.0,0.23983853536500946,0.3220027981324901,0.11513394966742922,0.0,4.403492817624132,0.4347343081926249,23.46819210460721,8369,False,0
NNS0059,0.14558471486854652,0.030342690548870985,0.5035226337796196,0.13097244757229679,0.0,20.75989083486211,6.098907327797254,0.21333333333333335,0.0,4849,False,0
BKW0374,0.1454711196451585,0.0,0.23131360628928285,0.32846219502967494,0.113952330865888,0.0,4.348679923937772,0.4422206409447033,23.22733823735879,6748,False,0
WPE0538,0.14453932941786538,0.011310900053552198,0.5363592875168515,0.13097244757229679,0.0,7.738702340109938,6.310037765872046,0.21333333333333335,0.0,1814,False,0
LJJ0905,0.1444777345386325,0.022334908953094645,0.5140032953216022,0.13097244757229679,0.0,15.281119218021416,6.166295030587548,0.21333333333333335,0.0,2554,False,0
JTS0389,0.14393199357962083,0.07495712664354524,0.2909867890348414,0.22300714046093784,0.0,51.28423809050888,4.7323616874696555,0.32000000000000006,0.0,5859,False,0
AHC0142,0.143085781348162,0.016182239557328216,0.5104983619579718,0.13097244757229679,0.011800674937081007,11.071580027903,6.143759295904962,0.21333333333333335,2.405376582557956,5018,False,0
AIP0394,0.14295828818468964,0.026752680937085382,0.49757051958390647,0.13097244757229679,0.0,18.303674649394406,6.060636909390179,0.21333333333333335,0.0,4934,False,0
MLL0598,0.1429376328944416,0.011581346261404621,0.09019007153478084,0.34374244338510634,0.22887646157764668,7.923736483429429,3.441295330068586,0.4599301927099795,46.65276214394024,6925,False,0
HBO0413,0.14254985077255622,0.04631814082717595,0.3974218698705713,0.15398112079445703,0.04028626845971533,31.689989577464182,5.416709289487765,0.24,8.211703760023436,5865,True,2
BMT0528,0.14249533758579785,0.05308008221110672,0.3563184394583038,0.19999846723877754,0.0,36.316381055044026,5.152425804977923,0.29333333333333333,0.0,5078,False,0
JML0909,0.1424237034142451,0.004871339503776018,0.6537036447091036,0.038937754683655804,0.0,3.3328776877930606,7.06452894325758,0.10666666666666667,0.0,1978,False,0
ZSB0649,0.14222074247505162,0.004871339503776018,0.6239279984854359,0.061946427905816046,0.0,3.3328776877930606,6.87307992164077,0.13333333333333333,0.0,1712,False,0
UIR0043,0.14207573276882343,0.0,0.2261299528398776,0.3180735705010823,0.11554233050384889,0.0,4.315350491762413,0.43018039921697426,23.55143392814076,8877,False,0
TDG0962,0.1419612213439934,0.0,0.6323730718376969,0.061946427905816046,0.0,0.0,6.927379365509344,0.13333333333333333,0.0,1718,False,0
NGO0690,0.1412077014169868,0.02413357219624898,0.49405580322706494,0.13097244757229679,0.0,16.511730343835122,6.038038272815734,0.21333333333333335,0.0,4398,False,0
BNG0237,0.14114994676946188,0.011310900053552198,0.519412374274834,0.13097244757229679,0.0,7.738702340109938,6.201073885281932,0.21333333333333335,0.0,4277,False,0
CSP0197,0.14051263994534288,0.004871339503776018,0.5150772408099363,0.13097244757229679,0.01870362725847339,3.3328776877930606,6.173200197698512,0.21333333333333335,3.8124316834671674,5017,False,0
AOS0987,0.14035253574547787,0.0,0.5022837600454633,0.1342001486659596,0.0423049771326354,0.0,6.090941718502687,0.21707418480848245,8.62318484858308,4166,False,0
DFR0218,0.140125661854715,0.0,0.19570935316443147,0.33541299071338904,0.11420362362320964,0.0,4.1197546010431205,0.4502764966551138,23.27856019856446,6439,False,0
HDD0806,0.1395499682018974,0.0,0.41626373589936977,0.1888714831621392,0.06052900154325772,0.0,5.5378571829558565,0.28043734526344133,12.337857254271647,5572,False,0
KCF0045,0.139444092382823,0.0,0.2183081796225786,0.31442225881862956,0.11451261169099927,0.0,4.265058692265877,0.4259485901686239,23.341542414964266,8486,False,0
EDA0684,0.13930682900914101,0.011310900053552198,0.5101967854732297,0.13097244757229679,0.0,7.738702340109938,6.141820244019645,0.21333333333333335,0.0,442,False,0
IBB0696,0.1390838340366253,0.04546608050621745,0.35448892512221963,0.19999846723877754,0.0,31.107026137906107,5.14066254291314,0.29333333333333333,0.0,3733,False,0
HTF0641,0.1386932915059031,0.0,0.6160334226472454,0.061946427905816046,0.0,0.0,6.822320021790135,0.13333333333333333,0.0,1714,False,0
AIP0982,0.1386754021405633,0.09507154938666207,0.22447498635332006,0.22300714046093784,0.0,65.04614294468834,4.304709523224568,0.32000000000000006,0.0,12200,False,0
TYB0779,0.13863352973218052,0.0,0.6157346137786325,0.061946427905816046,0.0,0.0,6.820398764897282,0.13333333333333333,0.0,2263,False,0
PDH0716,0.1385740543754509,0.06077981684117435,0.29255171261873336,0.22300714046093784,0.0,41.58439280634731,4.742423705495751,0.32000000000000006,0.0,4438,False,0
SBK0161,0.13817544636843174,0.026433177857527815,0.40133421297722155,0.15068634379624876,0.06442497787276075,18.08507672900451,5.441864554108087,0.23618140867559456,13.131988969546633,8537,False,0
JJH0292,0.13813729255017063,0.0,0.5181203970826713,0.13097244757229679,0.011800674937081007,0.0,6.192766835704141,0.21333333333333335,2.405376582557956,1475,False,0
TJD0996,0.13797163539428808,0.028656351472969754,0.46882991456012985,0.13097244757229679,0.0,19.606129764469014,5.875842911263496,0.21333333333333335,0.0,4760,False,0
MDM0625,0.13794347442748695,0.06810317989589099,0.2747520867694804,0.22300714046093784,0.0,46.594898295803205,4.6279771229300275,0.32000000000000006,0.0,20245,False,0
CJV0286,0.13793634054282916,0.0,0.641009509359576,0.038937754683655804,0.0,0.0,6.982909227108257,0.10666666666666667,0.0,1970,False,0
TOR0193,0.13670849492876475,0.0,0.5429461428905307,0.09831625547813727,0.023601349874162014,0.0,6.352389391336348,0.17548535397488574,4.810753165115912,4649,False,0
XRS0633,0.13633532111412353,0.0,0.6617652537437482,0.015929081461495565,0.0,0.0,7.116362819531712,0.08000000000000002,0.0,1970,False,0
RAM0447,0.13632169988166032,0.004871339503776018,0.5081502609353785,0.13097244757229679,0.0,3.3328776877930606,6.128661667458679,0.21333333333333335,0.0,1731,False,0
GAF0060,0.13590342971414002,0.014614018511328052,0.48657355208267294,0.13097244757229679,0.0,9.998633063379181,5.989929504652493,0.21333333333333335,0.0,3804,False,0
MNS0224,0.13575399583786266,0.0,0.20173059117737285,0.31259848653453576,0.11505503979169428,0.0,4.15846946613254,0.4238348686555993,23.452107603658117,8736,False,0
GCG0951,0.13497149374135675,0.0,0.5974244338245137,0.061946427905816046,0.0,0.0,6.7026694631883785,0.13333333333333333,0.0,1747,False,0
DOL0332,0.13400325629559506,0.01367557893293925,0.4789495641467259,0.13097244757229679,0.0,9.356570581441815,5.9409094088268235,0.21333333333333335,0.0,1931,False,0
CRO0027,0.1338650888616567,0.018026098180322497,0.4695576884822676,0.13097244757229679,0.0,12.333112971615689,5.8805222926715395,0.21333333333333335,0.0,4842,False,0
ADC0391,0.13338793138843366,0.004871339503776018,0.5510031015246459,0.08495510112797632,0.0,3.3328776877930606,6.404193366844439,0.16000000000000003,0.0,4041,False,0
VLB0647,0.13327939821506796,0.0,0.61772479772077,0.038937754683655804,0.0,0.0,6.833195087291013,0.10666666666666667,0.0,1711,False,0
JCC0225,0.13266164586720372,0.0,0.17591271811987508,0.3211356168051304,0.11463465361297413,0.0,3.992467811627521,0.43372925956713587,23.366418685412683,7921,False,0
BJP0134,0.13199503165492515,0.09449120518783764,0.12126510176120635,0.22300714046093784,0.09462496074876244,64.64908249960897,3.6410990249698596,0.32000000000000006,19.287766667932623,15408,False,0
HWY0038,0.13149134455274858,0.0,0.18908104464006573,0.31732598328973266,0.09562426534868183,0.0,4.077136443491413,0.42931395816768664,19.49145873608166,2038,False,0
SOB0360,0.13083906855043548,0.0,0.16594885436324439,0.3262918975708631,0.10717548856713893,0.0,3.9284029730879677,0.4397053025615275,21.845988623373795,4889,False,0
MVH0373,0.13049852306116305,0.0,0.2300543806055838,0.28663232582798104,0.0855304365536736,0.0,4.34058345733792,0.3937405235584689,17.43399511291472,1196,False,0
PTH0552,0.12929622825305595,0.014614018511328052,0.45353754477725267,0.13097244757229679,0.0,9.998633063379181,5.777517279264042,0.21333333333333335,0.0,4994,False,0
ZKS0899,0.129254882027599,0.03434296134587837,0.14913484037672514,0.18231081014906692,0.26742017917757255,23.49679990764208,3.820293597291725,0.2728336351903158,54.50927511577554,16290,False,0
ALD0529,0.12920790013055253,0.0,0.5686064657704926,0.061946427905816046,0.0,0.0,6.517378042559482,0.13333333333333333,0.0,2343,False,0
RNL0695,0.12905551925247655,0.028162965958031878,0.42523610488094804,0.13097244757229679,0.0,19.26856479431202,5.595546989256107,0.21333333333333335,0.0,5043,False,0
EGD0409,0.1286855393836617,0.009742679007552036,0.4602267794378334,0.13097244757229679,0.0,6.665755375586121,5.820527174717309,0.21333333333333335,0.0,1915,False,0
DBB0384,0.12846684318425083,0.0676001009765746,0.22837508839193277,0.22300714046093784,0.0,46.25070128303311,4.3297860812239914,0.32000000000000006,0.0,18183,False,0
XHG0902,0.12707714948768162,0.016182239557328216,0.4393057088583806,0.13097244757229679,0.0,11.071580027903,5.686010581407278,0.21333333333333335,0.0,2038,False,0
QNP0216,0.1270733197072767,0.0,0.1447844712620885,0.3235280332704831,0.11489611424825487,0.0,3.7923219487702178,0.43650203015644384,23.419713203965074,7906,False,0
JRS0362,0.1260808482466426,0.0,0.1401515167413182,0.3233607649028348,0.11473569115113495,0.0,3.7625333556517377,0.43630816892155705,23.387013552193366,7485,False,0
MJM0510,0.1256698870560077,0.0,0.6084380834531691,0.015929081461495565,0.0,0.0,6.773484129308383,0.08000000000000002,0.0,2195,False,0
IWM0816,0.12562498775277905,0.004871339503776018,0.5409492248740732,0.061946427905816046,0.0,3.3328776877930606,6.339549770740779,0.13333333333333333,0.0,3991,False,0
YJF0532,0.1253384404126674,0.0,0.5492591671810669,0.061946427905816046,0.0,0.0,6.392980360035647,0.13333333333333333,0.0,2154,False,0
LDD0560,0.12506433379675644,0.004871339503776018,0.4378357100670041,0.13097244757229679,0.01870362725847339,3.3328776877930606,5.676558903070127,0.21333333333333335,3.8124316834671674,516,False,0
CMB0912,0.12456788625989282,0.0,0.4430879760843942,0.11930698737289669,0.04082362799859874,0.0,5.710329494739143,0.1998132604613756,8.321235804430723,7126,False,0
BMM0112,0.12342242966462219,0.015441780883533188,0.42251302709067357,0.13097244757229679,0.0,10.56497230928447,5.57803836577172,0.21333333333333335,0.0,1999,False,0
SLT0907,0.1227135001059298,0.004871339503776018,0.4401092620567259,0.13097244757229679,0.0,3.3328776877930606,5.691177202224998,0.21333333333333335,0.0,979,False,0
BCB0679,0.12228944772993869,0.0,0.5340142037674234,0.061946427905816046,0.0,0.0,6.294959537642675,0.13333333333333333,0.0,3401,False,0
LUR0896,0.12222091698877754,0.0,0.42714895621033183,0.12728729326591498,0.03312868286821617,0.0,5.6078460847235245,0.2090623012510111,6.752745788446178,1673,False,0
GAF0570,0.12220999678446604,0.004871339503776018,0.43759174544940715,0.13097244757229679,0.0,3.3328776877930606,5.674990279269414,0.21333333333333335,0.0,4379,False,0
NCH0179,0.12176071845331995,0.016852065904479678,0.4113839009922694,0.13097244757229679,0.0,11.529862454202082,5.50648121846467,0.21333333333333335,0.0,5129,False,0
AMR0318,0.1214300237738972,0.029937345793598108,0.2362370056611299,0.22300714046093784,0.04303932805998333,20.4825616752612,4.380335995671312,0.32000000000000006,8.772870399065615,6506,False,0
AIB0948,0.12117819325824757,0.06965942147993757,0.18781319775519037,0.22300714046093784,0.0,47.65964914067125,4.068984544995374,0.32000000000000006,0.0,9267,False,0
EIM0156,0.12114166125111397,0.0,0.5282752713732998,0.061946427905816046,0.0,0.0,6.258059818196564,0.13333333333333333,0.0,3714,False,0
DKB0631,0.12110924302654619,0.0,0.5856348633058615,0.015929081461495565,0.0,0.0,6.626865844213209,0.08000000000000002,0.0,1699,False,0
TDJ0998,0.12107074871293522,0.007720890441766594,0.4261964032157719,0.13097244757229679,0.0,5.282486154642235,5.601721437168379,0.21333333333333335,0.0,4017,False,0
SGG0787,0.12069491108759112,0.0,0.5548023620833858,0.038937754683655804,0.0,0.0,6.428621542521108,0.10666666666666667,0.0,5608,False,0
AMW0392,0.12034958222902845,0.023664874730158072,0.3907026022194551,0.13097244757229679,0.0,16.191056466383415,5.373506290361413,0.21333333333333335,0.0,6798,False,0
NHE0919,0.1197747925982514,0.0,0.5789626111643875,0.015929081461495565,0.0,0.0,6.583965141576217,0.08000000000000002,0.0,3997,False,0
MES0407,0.11953812568195746,0.009742679007552036,0.41448971092931225,0.13097244757229679,0.0,6.665755375586121,5.526450701891095,0.21333333333333335,0.0,4329,False,0
PAD0773,0.1195093162508911,0.04218738287512462,0.23441288992803394,0.22300714046093784,0.0,28.86380367902826,4.368607445103719,0.32000000000000006,0.0,5550,False,0
PIS0522,0.11863521992300134,0.0,0.5732647477881372,0.015929081461495565,0.0,0.0,6.547329484351679,0.08000000000000002,0.0,2117,False,0
LAM0911,0.11849608647504098,0.026594744912031714,0.37557538308577054,0.13097244757229679,0.0,18.1956178297882,5.2762425305366145,0.21333333333333335,0.0,6848,False,0
MIB0904,0.11830812531930539,0.0,0.5716292747696574,0.015929081461495565,0.0,0.0,6.536813853325013,0.08000000000000002,0.0,1986,False,0
NHH0185,0.11811056248937934,0.016852065904479678,0.37543210876694494,0.13097244757229679,0.023601349874162014,11.529862454202082,5.275321317006741,0.21333333333333335,4.810753165115912,2116,False,0
CTR0697,0.11791144060297507,0.004871339503776018,0.4736206475973529,0.08495510112797632,0.0,3.3328776877930606,5.9066459758188055,0.16000000000000003,0.0,1417,False,0
KCB0815,0.11789343331838936,0.01991141920879934,0.3859287687089771,0.13097244757229679,0.0,13.623013703286485,5.342811885004861,0.21333333333333335,0.0,4674,False,0
RVC0232,0.11561297184190275,0.023903129999094812,0.36654303974595315,0.13097244757229679,0.0,16.354066182545235,5.218167105999207,0.21333333333333335,0.0,4383,False,0
CJF0802,0.11559325242794297,0.012592229945542611,0.3890662427832586,0.13097244757229679,0.0,8.615363842435295,5.362984959918407,0.21333333333333335,0.0,6150,False,0
AJC0840,0.11525542222837953,0.012592229945542611,0.38737709178544144,0.13097244757229679,0.0,8.615363842435295,5.35212419459812,0.21333333333333335,0.0,1392,False,0
AKC0924,0.1152157967420033,0.027768777187874533,0.3568258698688965,0.13097244757229679,0.0,18.99886834720181,5.155688439646431,0.21333333333333335,0.0,4656,False,0
EMW0772,0.11519240601146419,0.025823110852247314,0.3030785658320548,0.17698979401661727,0.0,17.667680505977554,4.810108407727074,0.26666666666666666,0.0,2161,False,0
KJG0910,0.11507335452771633,0.007720890441766594,0.39620943228967753,0.13097244757229679,0.0,5.282486154642235,5.408913657215339,0.21333333333333335,0.0,1910,False,0
AQD0820,0.11494691482408123,0.027768777187874533,0.35548146027928607,0.13097244757229679,0.0,18.99886834720181,5.1470442645158645,0.21333333333333335,0.0,4745,False,0
AIS0405,0.1147759545630136,0.026752680937085382,0.35665885147552623,0.13097244757229679,0.0,18.303674649394406,5.154614558402593,0.21333333333333335,0.0,4455,False,0
CWB0065,0.11459412600930727,0.0,0.4955375951642662,0.061946427905816046,0.0,0.0,6.047565777760072,0.13333333333333333,0.0,4878,False,0
TSM0927,0.11451345125312976,0.029857818490267467,0.34913605981974283,0.13097244757229679,0.0,20.428150609344815,5.106245126165652,0.21333333333333335,0.0,5110,False,0
NKH0979,0.1142950206857847,0.0,0.4940420685466534,0.061946427905816046,0.0,0.0,6.037949962687811,0.13333333333333333,0.0,4918,False,0
PNH0761,0.11393433265609357,0.06401060449573515,0.12405322572227559,0.22300714046093784,0.0517844039873995,43.79483617198345,3.659025877018122,0.32000000000000006,10.555412580818262,4253,False,0
BCM0653,0.11374947594420334,0.004871339503776018,0.39528914124809367,0.13097244757229679,0.0,3.3328776877930606,5.402996444934186,0.21333333333333335,0.0,1722,False,0
CRK0916,0.11311926444765882,0.01746356944931863,0.36695362387428593,0.13097244757229679,0.0,11.948241530228355,5.2208070463407275,0.21333333333333335,0.0,4763,False,0
NKH0807,0.11310038585543941,0.021396469374705844,0.3589934310624144,0.13097244757229679,0.0,14.63905673608405,5.169625247824374,0.21333333333333335,0.0,4056,False,0
ICH0294,0.1127417941691038,0.035956914760696596,0.232401520927948,0.17698979401661727,0.0508751705005417,24.60103608769389,4.355674908752224,0.26666666666666666,10.370080051193796,5028,False,0
WSR0241,0.11271951231509461,0.011310900053552198,0.3684096958001869,0.13097244757229679,0.011800674937081007,7.738702340109938,5.230169178854106,0.21333333333333335,2.405376582557956,5149,False,0
LQP0508,0.11215918147030543,0.0,0.5408845555246576,0.015929081461495565,0.0,0.0,6.339133965032275,0.08000000000000002,0.0,2142,False,0
DMM0623,0.11201322981438533,0.004871339503776018,0.3866079105990037,0.13097244757229679,0.0,3.3328776877930606,5.347178576139216,0.21333333333333335,0.0,7151,False,0
CEL0561,0.11149388456379652,0.012592229945542611,0.3685694034625264,0.13097244757229679,0.0,8.615363842435295,5.231196054155818,0.21333333333333335,0.0,4860,False,0
GDF0704,0.11126173139680248,0.0,0.4788756221017423,0.061946427905816046,0.0,0.0,5.940433982296628,0.13333333333333333,0.0,1454,False,0
CJM0521,0.11116756778158435,0.018546918436715267,0.3550284425691202,0.13097244757229679,0.0,12.689448269234875,5.144131488190714,0.21333333333333335,0.0,2766,False,0
PID0426,0.11115900902311762,0.016852065904479678,0.35837535384125774,0.13097244757229679,0.0,11.529862454202082,5.165651185317546,0.21333333333333335,0.0,5030,False,0
KRL0501,0.11090051068510222,0.024146672662895795,0.3137328071066482,0.15398112079445703,0.0,16.520693433546484,4.87861217932512,0.24,0.0,6162,True,2
GLR0975,0.1108550958375593,0.0,0.4768424443055264,0.061946427905816046,0.0,0.0,5.92736122152648,0.13333333333333333,0.0,4680,False,0
CBG0398,0.11048176678104754,0.021053579061104232,0.34658611631765834,0.13097244757229679,0.0,14.40445771569606,5.089849707406808,0.21333333333333335,0.0,3991,False,0
KPR0497,0.11002335716930686,0.0,0.47268375096426424,0.061946427905816046,0.0,0.0,5.900621994259731,0.13333333333333333,0.0,6258,False,0
CSJ0340,0.10995840768399326,0.009742679007552036,0.3665911209394912,0.13097244757229679,0.0,6.665755375586121,5.218476254535964,0.21333333333333335,0.0,1882,False,0
MBW0809,0.10955423092395564,0.0,0.5278598027929087,0.015929081461495565,0.0,0.0,6.25538847220357,0.08000000000000002,0.0,318,False,0
VAA0087,0.1094923260586371,0.0,0.4700285954109154,0.061946427905816046,0.0,0.0,5.883550091634658,0.13333333333333333,0.0,4576,False,0
HJA0018,0.10941403022277664,0.0,0.4696371162316131,0.061946427905816046,0.0,0.0,5.881032990736233,0.13333333333333333,0.0,4680,False,0
JCR0921,0.10904248997190583,0.023903129999094812,0.3336906303959686,0.13097244757229679,0.0,16.354066182545235,5.006935363770549,0.21333333333333335,0.0,4190,False,0
FDE0117,0.10878075191611547,0.029004911700025,0.3221783767151563,0.13097244757229679,0.0,19.844608031628184,4.932914813981637,0.21333333333333335,0.0,6546,False,0
MJB0588,0.10870130178198134,0.012592229945542611,0.3546064895534504,0.13097244757229679,0.0,8.615363842435295,5.14141844910463,0.21333333333333335,0.0,1358,False,0
TTD1000,0.10863416787022265,0.028536214233934088,0.32238285141787415,0.13097244757229679,0.0,19.523934154176473,4.934229528748419,0.21333333333333335,0.0,4937,False,0
EJW0884,0.10780188801758273,0.01367557893293925,0.3479427227566642,0.13097244757229679,0.0,9.356570581441815,5.098572304844854,0.21333333333333335,0.0,2061,False,0
KBB0189,0.10726223110577596,0.015441780883533188,0.3417120342964425,0.13097244757229679,0.0,10.56497230928447,5.058510732352082,0.21333333333333335,0.0,5859,False,0
JGM0934,0.10699239522314309,0.0,0.45752894123344534,0.061946427905816046,0.0,0.0,5.803180834663739,0.13333333333333333,0.0,4026,False,0
SOF0808,0.10696842159475459,0.0273511578658785,0.316424232776645,0.13097244757229679,0.0,18.71314116288363,4.895917288588061,0.21333333333333335,0.0,5327,False,0
ABN0239,0.10696195316972562,0.011310900053552198,0.3484724062761527,0.13097244757229679,0.0,7.738702340109938,5.101978020738,0.21333333333333335,0.0,5041,False,0
PEV0323,0.10695974733182942,0.016852065904479678,0.3373790453848167,0.13097244757229679,0.0,11.529862454202082,5.030650833642382,0.21333333333333335,0.0,8076,False,0
EMB0531,0.10677538231248619,0.0,0.5139655597355615,0.015929081461495565,0.0,0.0,6.166052401394101,0.08000000000000002,0.0,1955,False,0
OJK0233,0.10670169392036002,0.024986478986491447,0.3198199521634462,0.13097244757229679,0.0,17.095272921551754,4.917750808149815,0.21333333333333335,0.0,4736,False,0
ILH0958,0.10662034353589277,0.05291464758911394,0.14851349692506363,0.22300714046093784,0.0,36.203193838262926,3.8162985338423865,0.32000000000000006,0.0,4942,False,0
RAS0432,0.10650005559375766,0.0,0.4550672430865182,0.061946427905816046,0.0,0.0,5.787352808692282,0.13333333333333333,0.0,4149,False,0
DLS0383,0.10645894632470414,0.0,0.4548616967412506,0.061946427905816046,0.0,0.0,5.786031203565637,0.13333333333333333,0.0,3951,False,0
RZC0746,0.10635071605666296,0.0,0.42431238221132916,0.06243236229031494,0.039200993612122564,0.0,5.589607712572895,0.13389652314128903,7.990488048383427,8351,False,0
EGK0893,0.10622232239107046,0.011310900053552198,0.34477425238287696,0.13097244757229679,0.0,7.738702340109938,5.078199932452773,0.21333333333333335,0.0,2015,False,0
CLF0852,0.10595062208355552,0.0,0.4523200755355075,0.061946427905816046,0.0,0.0,5.769689294829051,0.13333333333333333,0.0,6765,False,0
AJL0462,0.1059222564528099,0.0,0.45217824738177936,0.061946427905816046,0.0,0.0,5.768777379733573,0.13333333333333333,0.0,1416,False,0
MAH0149,0.10564052789266942,0.0,0.450769604581077,0.061946427905816046,0.0,0.0,5.759720203141124,0.13333333333333333,0.0,4703,False,0
DBS0235,0.10528396053186811,0.021723405408255698,0.2701650432975591,0.1457521820370569,0.04082362799859874,14.862740141995141,4.598483724928977,0.23046279788733506,8.321235804430723,4352,False,0
HLH0512,0.1052765902741109,0.0,0.40807636319535645,0.08342309418507435,0.01870362725847339,0.0,5.485214681697577,0.15822442962777888,3.8124316834671674,2427,False,0
RTO0313,0.10521695697233349,0.014614018511328052,0.33314118837364043,0.13097244757229679,0.0,9.998633063379181,5.003402606267329,0.21333333333333335,0.0,8273,False,0
AAS0442,0.10516733020116814,0.0,0.5059252991789712,0.015929081461495565,0.0,0.0,6.114355789823001,0.08000000000000002,0.0,281,False,0
HOB0994,0.10479521195953989,0.007720890441766594,0.3448187194487952,0.13097244757229679,0.0,5.282486154642235,5.078485843166525,0.21333333333333335,0.0,3682,False,0
COF0120,0.10478437292230128,0.0,0.4464888297292363,0.061946427905816046,0.0,0.0,5.7321960261345035,0.13333333333333333,0.0,3152,False,0
PES0085,0.10476838280807682,0.0,0.446408879158114,0.061946427905816046,0.0,0.0,5.7316819664729906,0.13333333333333333,0.0,5586,False,0
IIL0513,0.1045988078556884,0.01367557893293925,0.3319273219471925,0.13097244757229679,0.0,9.356570581441815,4.995597786920294,0.21333333333333335,0.0,2669,False,0
SSG0250,0.10459679558038751,0.0,0.4455509430196674,0.061946427905816046,0.0,0.0,5.726165678662426,0.13333333333333333,0.0,4434,False,0
IYB0918,0.10457639622718631,0.022897437684098514,0.3133715463023636,0.13097244757229679,0.0,15.665990659408749,4.876289374069803,0.21333333333333335,0.0,4582,False,0
SXM0895,0.1039228924717012,0.011310900053552198,0.3332771027860306,0.13097244757229679,0.0,7.738702340109938,5.004276497671071,0.21333333333333335,0.0,2004,False,0
JSH0330,0.10380880031554654,0.011310900053552198,0.33270664200525724,0.13097244757229679,0.0,7.738702340109938,5.000608595469069,0.21333333333333335,0.0,2342,False,0
SAC0592,0.10367997888447648,0.007720890441766594,0.3967642371288788,0.08495510112797632,0.0,5.282486154642235,5.412480896121104,0.16000000000000003,0.0,1305,False,0
KBP0008,0.10349367192095249,0.021053579061104232,0.29394462961156154,0.13097244757229679,0.023601349874162014,14.40445771569606,4.751379769571312,0.21333333333333335,4.810753165115912,14328,False,0
ELB0847,0.1032078838000603,0.004871339503776018,0.23017157288919407,0.1888714831621392,0.053381084201175134,3.3328776877930606,4.341336970724991,0.28043734526344133,10.880869998849603,1106,False,0
FSB0399,0.10294218482111181,0.02316267132529978,0.3046700219895885,0.13097244757229679,0.0,15.847458463926703,4.820341022731201,0.21333333333333335,0.0,4021,False,0
FUM0015,0.1028323652406954,0.0,0.4367287913212069,0.061946427905816046,0.0,0.0,5.669441727197594,0.13333333333333333,0.0,6813,False,0
DTP0379,0.10261635539431485,0.0,0.43564874208930415,0.061946427905816046,0.0,0.0,5.662497314734048,0.13333333333333333,0.0,5057,False,0
ALH0402,0.10239445415421375,0.022897437684098514,0.30246183593750076,0.13097244757229679,0.0,15.665990659408749,4.806143008150948,0.21333333333333335,0.0,4537,False,0
MLD0755,0.1023906579470425,0.0,0.4345202548529424,0.061946427905816046,0.0,0.0,5.655241459539987,0.13333333333333333,0.0,6091,False,0
OKC0107,0.10236537571120169,0.022035806054318843,0.3040397069819998,0.13097244757229679,0.0,15.076478712691952,4.816288274703273,0.21333333333333335,0.0,4703,False,0
ADD0846,0.10145359965849557,0.016182239557328216,0.3111879597124504,0.13097244757229679,0.0,11.071580027903,4.862249527105132,0.21333333333333335,0.0,1148,False,0
SOG0411,0.10087038334744113,0.004871339503776018,0.35965451979198293,0.10796377435013654,0.0,3.3328776877930606,5.173875862220014,0.18666666666666668,0.0,3743,False,0
ARB0881,0.10082485676595027,0.0,0.4554520904751816,0.038937754683655804,0.0,0.0,5.78982726904414,0.10666666666666667,0.0,1709,False,0
IJR0825,0.10052040510527721,0.01367557893293925,0.31153530819513664,0.13097244757229679,0.0,9.356570581441815,4.864482880049711,0.21333333333333335,0.0,1095,False,0
VMJ0147,0.10037769440875911,0.004871339503776018,0.41471275815397346,0.061946427905816046,0.0,3.3328776877930606,5.527884832744712,0.13333333333333333,0.0,5416,False,0
DGW0752,0.1001202174264116,0.0,0.4231680522497879,0.061946427905816046,0.0,0.0,5.582249993116592,0.13333333333333333,0.0,5955,False,0
SVS0871,0.0999125639528407,0.0,0.4221297848819334,0.061946427905816046,0.0,0.0,5.575574226274816,0.13333333333333333,0.0,7561,False,0
CAS0507,0.09967948756079281,0.06155647258318533,0.09850104321622842,0.17698979401661727,0.07406160920079119,42.11576586947261,3.494732537951363,0.26666666666666666,15.096260289176975,9253,False,0
CAB0388,0.09963899962699957,0.0,0.42076196325272774,0.061946427905816046,0.0,0.0,5.566779518321523,0.13333333333333333,0.0,4695,False,0
EWH0191,0.0988742447382964,0.0,0.4169381888092119,0.061946427905816046,0.0,0.0,5.54219372526785,0.13333333333333333,0.0,5837,False,0
HCW0419,0.09870035014829552,0.0,0.47359039891460813,0.015929081461495565,0.0,0.0,5.906451485305546,0.08000000000000002,0.0,4019,False,0
CKH0144,0.0985602466035105,0.0,0.41536819813528236,0.061946427905816046,0.0,0.0,5.532099127279498,0.13333333333333333,0.0,4080,False,0
HPR0585,0.09828791223101774,0.0,0.4140065262728186,0.061946427905816046,0.0,0.0,5.523343960594833,0.13333333333333333,0.0,1292,False,0
SKG0759,0.09825140561265813,0.0,0.4138239931810206,0.061946427905816046,0.0,0.0,5.522170324208408,0.13333333333333333,0.0,1945,False,0
HSG0818,0.09807173439842387,0.0,0.44168647863754956,0.038937754683655804,0.0,0.0,5.701318260760161,0.10666666666666667,0.0,4004,False,0
XBN0229,0.09790899683742088,0.012592229945542611,0.3006449648306481,0.13097244757229679,0.0,8.615363842435295,4.79446103849031,0.21333333333333335,0.0,3829,False,0
HCL0113,0.09778149994688884,0.01991141920879934,0.28536910185147446,0.13097244757229679,0.0,13.623013703286485,4.696241540591029,0.21333333333333335,0.0,4752,False,0
NCO0666,0.09777372973591955,0.0,0.4114356137973276,0.061946427905816046,0.0,0.0,5.506813717240989,0.13333333333333333,0.0,4673,False,0
MMG0943,0.09769256069508486,0.0,0.4110297685931542,0.061946427905816046,0.0,0.0,5.504204246847526,0.13333333333333333,0.0,3936,False,0
ORM0669,0.09756933215806887,0.0,0.41041362590807423,0.061946427905816046,0.0,0.0,5.500242622862984,0.13333333333333333,0.0,4602,False,0
TLH0648,0.09735560816025839,0.0,0.40934500591902184,0.061946427905816046,0.0,0.0,5.49337169721296,0.13333333333333333,0.0,1976,False,0
SAT0194,0.097327736860049,0.020693097105414768,0.28153693062404445,0.13097244757229679,0.0,14.157822828918382,4.671601758580978,0.21333333333333335,0.0,5269,False,0
SPA0141,0.09615540167064889,0.0,0.4608656565263749,0.015929081461495565,0.0,0.0,5.824634974515033,0.08000000000000002,0.0,4737,False,0
ASS0517,0.09603328619844531,0.0,0.4602550791653571,0.015929081461495565,0.0,0.0,5.820709133997243,0.08000000000000002,0.0,1972,False,0
SBD0913,0.09598320679115169,0.0,0.40248299907348833,0.061946427905816046,0.0,0.0,5.449250925256011,0.13333333333333333,0.0,1979,False,0
BNR0965,0.09596288496546655,0.0,0.4023813899450627,0.061946427905816046,0.0,0.0,5.448597607169199,0.13333333333333333,0.0,1344,False,0
RRA0938,0.09592506220652451,0.0,0.4309531176780528,0.038937754683655804,0.0,0.0,5.632305771865046,0.10666666666666667,0.0,3973,False,0
ORG0339,0.09581716769209711,0.0,0.3153702789951146,0.13097244757229679,0.0,0.0,4.889140662523,0.21333333333333335,0.0,1936,False,0
ANT0430,0.09570759312891149,0.0,0.45862661381768793,0.015929081461495565,0.0,0.0,5.810238560320816,0.08000000000000002,0.0,4025,False,0
TVS0006,0.09547534633245144,0.0,0.39994369677998715,0.061946427905816046,0.0,0.0,5.432923926472229,0.13333333333333333,0.0,10071,False,0
KKS0119,0.09545725088322922,0.0,0.399853219533876,0.061946427905816046,0.0,0.0,5.432342183254418,0.13333333333333333,0.0,6791,False,0
JMW0638,0.09544002783801268,0.0,0.4572887873631939,0.015929081461495565,0.0,0.0,5.801636712895507,0.08000000000000002,0.0,1699,False,0
NMF0780,0.09541180986181794,0.0,0.3996260144268196,0.061946427905816046,0.0,0.0,5.43088131838769,0.13333333333333333,0.0,1947,False,0
BHC0665,0.09517455724746617,0.0,0.3984397513550607,0.061946427905816046,0.0,0.0,5.423253980839332,0.13333333333333333,0.0,4898,False,0
AAN0823,0.09516137804629303,0.007720890441766594,0.296649549882561,0.13097244757229679,0.0,5.282486154642235,4.768771645319173,0.21333333333333335,0.0,1138,False,0
LMF0980,0.09509638355834713,0.0,0.39804888290946555,0.061946427905816046,0.0,0.0,5.420740806786687,0.13333333333333333,0.0,6249,False,0
SNC0187,0.09487451061432634,0.020032437721545004,0.1414784486665592,0.17698979401661727,0.09545598192161456,13.705812264262839,3.7710651543214024,0.26666666666666666,19.457156883275914,4048,False,0
ABM0845,0.09467016342676957,0.0,0.38645985806814337,0.06243236229031494,0.011800674937081007,0.0,5.346226640051308,0.13389652314128903,2.405376582557956,1342,False,0
GQF0659,0.0945744456815665,0.004871339503776018,0.3856965145180104,0.061946427905816046,0.0,3.3328776877930606,5.341318555950204,0.13333333333333333,0.0,1701,False,0
HCC0344,0.09440098490102349,0.0,0.4520935726782479,0.015929081461495565,0.0,0.0,5.768232945230791,0.08000000000000002,0.0,1692,False,0
AVM0947,0.09397111446482881,0.06835696333186453,0.11190440313964335,0.17698979401661727,0.0,46.768532088034696,3.580912368422215,0.26666666666666666,0.0,14910,False,0
KJM0887,0.09387904469827923,0.0,0.4494838716645267,0.015929081461495565,0.0,0.0,5.751453302497389,0.08000000000000002,0.0,1697,False,0
CSH0626,0.09364680352596566,0.0,0.4055341038314035,0.038937754683655804,0.01870362725847339,0.0,5.46886866978338,0.10666666666666667,3.8124316834671674,6637,False,0
YWW0660,0.09347662499037139,0.0,0.38995009006958686,0.061946427905816046,0.0,0.0,5.368667849114334,0.13333333333333333,0.0,1563,False,0
GQP0743,0.09327887333824265,0.0,0.38896133180894316,0.061946427905816046,0.0,0.0,5.362310411892189,0.13333333333333333,0.0,6201,False,0
KAL0395,0.09327635944123092,0.011310900053552198,0.2800444376336792,0.13097244757229679,0.0,7.738702340109938,4.662005448877774,0.21333333333333335,0.0,3755,False,0
DRR0242,0.09307623583952465,0.016852065904479678,0.2679614879232929,0.13097244757229679,0.0,11.529862454202082,4.584315484303308,0.21333333333333335,0.0,5870,False,0
IEB0153,0.09184463095856296,0.0,0.4393118029659453,0.015929081461495565,0.0,0.0,5.686049764803069,0.08000000000000002,0.0,2572,False,0
MKP0861,0.0918219635609178,0.0,0.38167678292231894,0.061946427905816046,0.0,0.0,5.315472813581543,0.13333333333333333,0.0,7061,False,0
ASG0692,0.09153277906218713,0.020313120387309203,0.2533220950709462,0.13097244757229679,0.0,13.897849997077529,4.490188310115628,0.21333333333333335,0.0,3926,False,0
WAS0254,0.09150146751184501,0.0,0.38007430267695497,0.061946427905816046,0.0,0.0,5.305169316796599,0.13333333333333333,0.0,5064,False,0
CCC0393,0.09142961059997962,0.020693097105414768,0.25204629932369754,0.13097244757229679,0.0,14.157822828918382,4.481985302672602,0.21333333333333335,0.0,4732,False,0
BAM0636,0.09136538310424053,0.0,0.37939388063893253,0.061946427905816046,0.0,0.0,5.300794394671068,0.13333333333333333,0.0,1695,False,0
JKJ0698,0.09126669254667405,0.0,0.24474248997795725,0.1457521820370569,0.039200993612122564,0.0,4.435023865032797,0.23046279788733506,7.990488048383427,1372,False,0
GCR0554,0.09096383336317453,0.01367557893293925,0.2637524494846231,0.13097244757229679,0.0,9.356570581441815,4.557252552235343,0.21333333333333335,0.0,4675,False,0
SHW0578,0.09091682782442145,0.01367557893293925,0.26351742179085774,0.13097244757229679,0.0,9.356570581441815,4.5557413903385955,0.21333333333333335,0.0,1146,False,0
ECL0930,0.09088544527002675,0.0,0.3769941914678636,0.061946427905816046,0.0,0.0,5.285365068955194,0.13333333333333333,0.0,6040,False,0
KVS0425,0.09073925902745522,0.01367557893293925,0.2626295778060266,0.13097244757229679,0.0,9.356570581441815,4.5500328034966016,0.21333333333333335,0.0,4886,False,0
GNZ0953,0.09072888279627096,0.0,0.3762113790990847,0.061946427905816046,0.0,0.0,5.2803318058318185,0.13333333333333333,0.0,1320,False,0
SSH0799,0.09054982549309279,0.0,0.3753160925831938,0.061946427905816046,0.0,0.0,5.274575365610622,0.13333333333333333,0.0,4900,False,0
HGN0287,0.09043511454973792,0.004871339503776018,0.3362390173311672,0.08495510112797632,0.0,3.3328776877930606,5.023320774242582,0.16000000000000003,0.0,4124,False,0
HKR0628,0.09027703655958569,0.0,0.37395214791565834,0.061946427905816046,0.0,0.0,5.265805585429275,0.13333333333333333,0.0,8456,False,0
JSA0775,0.09001210235485646,0.0,0.3726274768920122,0.061946427905816046,0.0,0.0,5.257288323720288,0.13333333333333333,0.0,1841,False,0
KRG0158,0.08982974685726464,0.0,0.3717156994040531,0.061946427905816046,0.0,0.0,5.2514258511918745,0.13333333333333333,0.0,4482,False,0
KSH0569,0.08966424672571545,0.0,0.37088819874630713,0.061946427905816046,0.0,0.0,5.246105254952831,0.13333333333333333,0.0,3694,False,0
SES0477,0.0896099816232327,0.0,0.3706168732338935,0.061946427905816046,0.0,0.0,5.244360708302153,0.13333333333333333,0.0,7254,False,0
MNC0717,0.08943896539836742,0.0,0.4272834751649676,0.015929081461495565,0.0,0.0,5.6087110037268095,0.08000000000000002,0.0,1508,False,0
OYM0026,0.08914382699962142,0.011310900053552198,0.2388315364193506,0.13097244757229679,0.027400318675041547,7.738702340109938,4.397018097933168,0.21333333333333335,5.585111465825469,4136,False,0
ASV0946,0.08908316945901049,0.0,0.36798281241278236,0.061946427905816046,0.0,0.0,5.227424438865957,0.13333333333333333,0.0,1296,False,0
YCE0983,0.08906771379434464,0.0,0.3679055340894531,0.061946427905816046,0.0,0.0,5.226927561005358,0.13333333333333333,0.0,4582,False,0
HIA0414,0.08875109153421439,0.011310900053552198,0.25741809809859656,0.13097244757229679,0.0,7.738702340109938,4.516524456316876,0.21333333333333335,0.0,4566,False,0
DLH0029,0.0884466387973467,0.014614018511328052,0.24928959749870636,0.13097244757229679,0.0,9.998633063379181,4.464260486112137,0.21333333333333335,0.0,3975,False,0
ESA0642,0.0881406735625394,0.0,0.36327033293042693,0.061946427905816046,0.0,0.0,5.197124522635454,0.13333333333333333,0.0,1874,False,0
MNR0829,0.08810090986630842,0.014614018511328052,0.24756095284351498,0.13097244757229679,0.0,9.998633063379181,4.453145787694728,0.21333333333333335,0.0,1087,False,0
NWK0215,0.08805575192239444,0.0,0.4203674077851027,0.015929081461495565,0.0,0.0,5.564242637755339,0.08000000000000002,0.0,6903,False,0
MSG0839,0.0879066036021528,0.012592229945542611,0.25063299865430777,0.13097244757229679,0.0,8.615363842435295,4.472898177295959,0.21333333333333335,0.0,1125,False,0
NBH0256,0.08781494927091933,0.0,0.3616417114723266,0.061946427905816046,0.0,0.0,5.186652945212908,0.13333333333333333,0.0,4770,False,0
NAH0503,0.08765489342173133,0.0,0.3134453603710325,0.08342309418507435,0.027400318675041547,0.0,4.876763977748328,0.15822442962777888,5.585111465825469,6686,False,0
NAR0981,0.08718667988035629,0.0,0.3585003645195114,0.061946427905816046,0.0,0.0,5.166454968780834,0.13333333333333333,0.0,3800,False,0
AAE0190,0.08683945372772267,0.019485358015104072,0.23151099314303422,0.13097244757229679,0.0,13.331510751172242,4.349949065831347,0.21333333333333335,0.0,6402,False,0
VCY0751,0.08677640073622414,0.0,0.4139706518542512,0.015929081461495565,0.0,0.0,5.52311329818421,0.08000000000000002,0.0,5987,False,0
ARA0252,0.08657254140367127,0.0,0.3554296721360862,0.061946427905816046,0.0,0.0,5.146711281336508,0.13333333333333333,0.0,6206,False,0
GRC0145,0.08648162965760008,0.0,0.3549751134057303,0.061946427905816046,0.0,0.0,5.1437885966854235,0.13333333333333333,0.0,5837,False,0
CJM0138,0.08632768222687681,0.0,0.32544453472441365,0.08495510112797632,0.0,0.0,4.953915290364957,0.16000000000000003,0.0,1157,False,0
NUL0471,0.08594133329762153,0.0,0.3810344731335379,0.038937754683655804,0.0,0.0,5.311342942487787,0.10666666666666667,0.0,1292,False,0
FRB0023,0.08589828873206569,0.0,0.3520584087780584,0.061946427905816046,0.0,0.0,5.125035007153951,0.13333333333333333,0.0,4455,False,0
TRK0914,0.0857729014336519,0.009742679007552036,0.303185272743185,0.08495510112797632,0.0,6.665755375586121,4.8107945031213495,0.16000000000000003,0.0,3705,False,0
NIH0969,0.08556612114236217,0.0,0.35039757082954076,0.061946427905816046,0.0,0.0,5.1143562867688654,0.13333333333333333,0.0,1312,False,0
ALD0544,0.08552491066647086,0.0,0.37895235997778454,0.038937754683655804,0.0,0.0,5.297955541134005,0.10666666666666667,0.0,3668,False,0
KAT0270,0.08540029182242807,0.0,0.3495684242298703,0.061946427905816046,0.0,0.0,5.109025107586677,0.13333333333333333,0.0,3787,False,0
KBS0874,0.08514360268183448,0.0,0.3482849785269023,0.061946427905816046,0.0,0.0,5.100772913082291,0.13333333333333333,0.0,7620,False,0
CIM0926,0.08512767980595926,0.016182239557328216,0.22070785424695813,0.13097244757229679,0.011800674937081007,11.071580027903,4.280487924450634,0.21333333333333335,2.405376582557956,2934,False,0
CRP0456,0.08501209453758299,0.007720890441766594,0.2746639738667111,0.10796377435013654,0.0,5.282486154642235,4.627410581774202,0.18666666666666668,0.0,1142,False,0
ENC0234,0.08458946370214633,0.0,0.3455142836284616,0.061946427905816046,0.0,0.0,5.08295812499942,0.13333333333333333,0.0,3041,False,0
YDN0198,0.08445126921588625,0.0,0.34482331119716114,0.061946427905816046,0.0,0.0,5.07851536681567,0.13333333333333333,0.0,6355,False,0
CJP0952,0.08429936948542213,0.0,0.3728246540725409,0.038937754683655804,0.0,0.0,5.258556117474076,0.10666666666666667,0.0,1370,False,0
JPA0667,0.08379110962928005,0.0,0.34152251326413013,0.061946427905816046,0.0,0.0,5.057292165475667,0.13333333333333333,0.0,3906,False,0
TEB0251,0.08375985469161189,0.0,0.3988879216311899,0.015929081461495565,0.0,0.0,5.4261355895284655,0.08000000000000002,0.0,4033,False,0
RJM0381,0.08348183077795716,0.0,0.33997611900751573,0.061946427905816046,0.0,0.0,5.047349285806868,0.13333333333333333,0.0,3756,False,0
KLM0639,0.08322017049068053,0.0,0.33866781757113257,0.061946427905816046,0.0,0.0,5.038937275934977,0.13333333333333333,0.0,1839,False,0
MLP0668,0.08312876164455,0.0,0.33821077334047994,0.061946427905816046,0.0,0.0,5.0359986102168,0.13333333333333333,0.0,3733,False,0
CUD0795,0.08307238133340021,0.0,0.33792887178473097,0.061946427905816046,0.0,0.0,5.034186062585256,0.13333333333333333,0.0,3748,False,0
OKB0439,0.08292842866481859,0.0,0.33720910844182284,0.061946427905816046,0.0,0.0,5.0295581869462085,0.13333333333333333,0.0,4421,False,0
UBF0645,0.08239949389675566,0.0,0.3345644346015082,0.061946427905816046,0.0,0.0,5.012553678784725,0.13333333333333333,0.0,1828,False,0
AJR0319,0.0823717164354008,0.0,0.39194723035013446,0.015929081461495565,0.0,0.0,5.381508898805421,0.08000000000000002,0.0,7692,False,0
TLM0797,0.08216288084346769,0.0,0.33338136933506834,0.061946427905816046,0.0,0.0,5.004946902224198,0.13333333333333333,0.0,3934,False,0
LNR0656,0.08161540585971334,0.0,0.33064399441629666,0.061946427905816046,0.0,0.0,4.987346352229059,0.13333333333333333,0.0,1769,False,0
WKD0013,0.08129126155222856,0.021396469374705844,0.17510129739519803,0.13097244757229679,0.03312868286821617,14.63905673608405,3.987250604830661,0.21333333333333335,6.752745788446178,9274,False,0
ETR0428,0.08084047775916611,0.0,0.3267693539135605,0.061946427905816046,0.0,0.0,4.9624335047363966,0.13333333333333333,0.0,4703,False,0
TET0621,0.0808389922921602,0.0,0.3842836096339315,0.015929081461495565,0.0,0.0,5.332233975361673,0.08000000000000002,0.0,5970,False,0
PGC0066,0.08080816195491095,0.012592229945542611,0.2151407904180985,0.13097244757229679,0.0,8.615363842435295,4.244693271488028,0.21333333333333335,0.0,5421,False,0
CTW0500,0.08077024105572564,0.0,0.3264181703963581,0.061946427905816046,0.0,0.0,4.960175493599667,0.13333333333333333,0.0,5677,False,0
TBT0461,0.08069242210887342,0.007720890441766594,0.22430477019546294,0.13097244757229679,0.0,5.282486154642235,4.303615081255439,0.21333333333333335,0.0,1177,False,0
LPH0572,0.08068520912404735,0.004871339503776018,0.2874894902027143,0.08495510112797632,0.0,3.3328776877930606,4.709875040675064,0.16000000000000003,0.0,119,False,0
FGW0853,0.08029345548588634,0.012592229945542611,0.21256725807297552,0.13097244757229679,0.0,8.615363842435295,4.228146183110098,0.21333333333333335,0.0,8177,False,0
KES0729,0.08000358961004692,0.0,0.3225849131679645,0.061946427905816046,0.0,0.0,4.935528728909194,0.13333333333333333,0.0,7214,False,0
CNM0800,0.07981669255522296,0.0,0.32165042789384474,0.061946427905816046,0.0,0.0,4.9295202517093495,0.13333333333333333,0.0,4085,False,0
TUC0632,0.07964847490969922,0.0,0.320809339666226,0.061946427905816046,0.0,0.0,4.924112291221727,0.13333333333333333,0.0,1777,False,0
HKI0171,0.07943161359439022,0.0,0.319725033089681,0.061946427905816046,0.0,0.0,4.917140505230825,0.13333333333333333,0.0,7446,False,0
NAB0903,0.07923416922304967,0.0,0.3187378112329783,0.061946427905816046,0.0,0.0,4.910792946653432,0.13333333333333333,0.0,2365,False,0
NSC0597,0.07921734392935896,0.0,0.21213109091323895,0.12728729326591498,0.03312868286821617,0.0,4.225341751079784,0.2090623012510111,6.752745788446178,1059,False,0
JJB0700,0.0790958342712524,0.0,0.3180461364739919,0.061946427905816046,0.0,0.0,4.906345672700407,0.13333333333333333,0.0,1312,False,0
SAC0687,0.07901991103207641,0.011310900053552198,0.20876219558790668,0.13097244757229679,0.0,7.738702340109938,4.203680702680719,0.21333333333333335,0.0,4059,False,0
WJD0576,0.07882839604078343,0.009742679007552036,0.2109410627234421,0.13097244757229679,0.0,6.665755375586121,4.217690204882546,0.21333333333333335,0.0,1129,False,0
BTW0005,0.07870551036305003,0.0,0.3160945169329801,0.061946427905816046,0.0,0.0,4.893797308547761,0.13333333333333333,0.0,12310,False,0
BAM0611,0.07840152527353288,0.0,0.3145745914853943,0.061946427905816046,0.0,0.0,4.8840246158684835,0.13333333333333333,0.0,7079,False,0
UFK0208,0.07836087009203818,0.0,0.3143713155779208,0.061946427905816046,0.0,0.0,4.882717609017591,0.13333333333333333,0.0,6373,False,0
ZDW0859,0.07835344580838272,0.0,0.3143341941596435,0.061946427905816046,0.0,0.0,4.882478928749938,0.13333333333333333,0.0,7751,False,0
ASL0378,0.07755698121190262,0.0,0.310351871177243,0.061946427905816046,0.0,0.0,4.856873713232006,0.13333333333333333,0.0,3964,False,0
DJB0159,0.07727406264340565,0.0,0.3089372783347582,0.061946427905816046,0.0,0.0,4.847778279546184,0.13333333333333333,0.0,9516,False,0
SJF0094,0.07693695775742815,0.0,0.3072517539048707,0.061946427905816046,0.0,0.0,4.836940832036592,0.13333333333333333,0.0,5056,False,0
JAD0609,0.0768500378029022,0.0,0.3643388371876415,0.015929081461495565,0.0,0.0,5.203994704162346,0.08000000000000002,0.0,5844,False,0
RGN0408,0.07624176297688502,0.0,0.3612974630575556,0.015929081461495565,0.0,0.0,5.184439524832173,0.08000000000000002,0.0,3717,False,0
FHO0630,0.07601288678639374,0.0,0.30263139904969866,0.061946427905816046,0.0,0.0,4.807233251220359,0.13333333333333333,0.0,6567,False,0
POB0343,0.07597605588362406,0.0,0.30244724453585026,0.061946427905816046,0.0,0.0,4.806049189546676,0.13333333333333333,0.0,2075,False,0
ILR0304,0.07582114901867079,0.007720890441766594,0.19994840474444975,0.13097244757229679,0.0,5.282486154642235,4.147010509159486,0.21333333333333335,0.0,1155,False,0
ALB0892,0.07577685483016523,0.0,0.35897292232395667,0.015929081461495565,0.0,0.0,5.169493382410511,0.08000000000000002,0.0,1151,False,0
WRM0963,0.07563107128020911,0.0,0.3582440045741761,0.015929081461495565,0.0,0.0,5.16480664651278,0.08000000000000002,0.0,677,False,0
DID0650,0.0754976050887952,0.0,0.3000549905617059,0.061946427905816046,0.0,0.0,4.790667670053581,0.13333333333333333,0.0,1734,False,0
WLV0566,0.07538999075433014,0.009742679007552036,0.19374903629117562,0.13097244757229679,0.0,6.665755375586121,4.107150315492957,0.21333333333333335,0.0,4716,False,0
HAC0282,0.07507781629857878,0.007720890441766594,0.2537534241993903,0.08495510112797632,0.0,5.282486154642235,4.492961634966923,0.16000000000000003,0.0,3707,False,0
DVM0265,0.0749557090957185,0.0,0.2973455105963224,0.061946427905816046,0.0,0.0,4.773246476754652,0.13333333333333333,0.0,3822,False,0
MAE0331,0.07469098660102565,0.0,0.3247827396505585,0.038937754683655804,0.0,0.0,4.949660134374432,0.10666666666666667,0.0,1715,False,0
AGB0186,0.07454195075262494,0.0,0.29527671888085466,0.061946427905816046,0.0,0.0,4.759944728511135,0.13333333333333333,0.0,2123,False,0
SDO0170,0.07448602339422417,0.0,0.2949970820888507,0.061946427905816046,0.0,0.0,4.758146742672807,0.13333333333333333,0.0,7717,False,0
GTD0116,0.07404788614967478,0.004871339503776018,0.19678119227545082,0.13097244757229679,0.0,3.3328776877930606,4.12664622474102,0.21333333333333335,0.0,5425,False,0
JKM0303,0.0738890404557454,0.004871339503776018,0.19598696380580397,0.13097244757229679,0.0,3.3328776877930606,4.121539559303369,0.21333333333333335,0.0,1113,False,0
PDW0259,0.07353505399280638,0.0,0.29024223508176183,0.061946427905816046,0.0,0.0,4.727574415187226,0.13333333333333333,0.0,4846,False,0
RIH0777,0.07326810081823244,0.0,0.28890746920889215,0.061946427905816046,0.0,0.0,4.718992246440027,0.13333333333333333,0.0,1928,False,0
ASB0796,0.07323622882714814,0.0,0.2887481092534706,0.061946427905816046,0.0,0.0,4.717967606795897,0.13333333333333333,0.0,3214,False,0
DOP0562,0.07253924585952752,0.004871339503776018,0.24675967388011516,0.08495510112797632,0.0,3.3328776877930606,4.447993789567376,0.16000000000000003,0.0,3871,False,0
CNB0900,0.07252766476352653,0.0,0.28520528893536257,0.061946427905816046,0.0,0.0,4.695188269663432,0.13333333333333333,0.0,2037,False,0
BMS0877,0.07165650382258995,0.0,0.33837116728608024,0.015929081461495565,0.0,0.0,5.03702989812665,0.08000000000000002,0.0,2038,False,0
LPC0492,0.07111382456240815,0.0,0.2781360879297707,0.061946427905816046,0.0,0.0,4.649735297594689,0.13333333333333333,0.0,5971,False,0
HCV0478,0.07104321157512797,0.0,0.33530470604877033,0.015929081461495565,0.0,0.0,5.017313415760527,0.08000000000000002,0.0,5993,False,0
HAM0985,0.070990811211044,0.0,0.2775210211729499,0.061946427905816046,0.0,0.0,4.6457805915259165,0.13333333333333333,0.0,4771,False,0
EPW0434,0.07094313747747866,0.0,0.2772826525051232,0.061946427905816046,0.0,0.0,4.644247948106636,0.13333333333333333,0.0,4280,False,0
KAT0489,0.07093135055942867,0.0,0.27722371791487327,0.061946427905816046,0.0,0.0,4.643869015284894,0.13333333333333333,0.0,8429,False,0
TQS0212,0.07065596045114554,0.0,0.27584676737345765,0.061946427905816046,0.0,0.0,4.635015610996418,0.13333333333333333,0.0,6020,False,0
CCW0524,0.07035840624192273,0.0,0.27435899632734356,0.061946427905816046,0.0,0.0,4.625449662065242,0.13333333333333333,0.0,1919,False,0
FWM0707,0.07031315865622258,0.0,0.2741327583988428,0.061946427905816046,0.0,0.0,4.623995015884309,0.13333333333333333,0.0,1178,False,0
JCR0770,0.07009526439194369,0.0,0.33056497013284897,0.015929081461495565,0.0,0.0,4.986838248336489,0.08000000000000002,0.0,1695,False,0
ATF0274,0.06959640240128899,0.0,0.27054897712417486,0.061946427905816046,0.0,0.0,4.6009523113340896,0.13333333333333333,0.0,3716,False,0
BSS0463,0.06955272825653436,0.0,0.24156976487270138,0.08495510112797632,0.0,0.0,4.41462413591533,0.16000000000000003,0.0,1110,False,0
FRL0511,0.06942255723741783,0.0,0.32720143436021965,0.015929081461495565,0.0,0.0,4.965211660352273,0.08000000000000002,0.0,1696,False,0
CXC0336,0.06920540538643202,0.0,0.32611567510529066,0.015929081461495565,0.0,0.0,4.958230534048377,0.08000000000000002,0.0,1692,False,0
IAT0263,0.06871359043551774,0.0,0.26613491729531863,0.061946427905816046,0.0,0.0,4.572571149452845,0.13333333333333333,0.0,2242,False,0
ABC0253,0.06864669719982207,0.0,0.26580045111684025,0.061946427905816046,0.0,0.0,4.570420626097194,0.13333333333333333,0.0,4050,False,0
KRM0541,0.06859881842028778,0.004871339503776018,0.1695358536285159,0.13097244757229679,0.0,3.3328776877930606,3.9514663684117135,0.21333333333333335,0.0,3996,False,0
DCC0160,0.06847830921796386,0.004871339503776018,0.22645499067229682,0.08495510112797632,0.0,3.3328776877930606,4.317440393507539,0.16000000000000003,0.0,6739,False,0
TAC0300,0.06847520472562711,0.0,0.26494298874586547,0.061946427905816046,0.0,0.0,4.564907384478079,0.13333333333333333,0.0,1364,False,0
LRW0970,0.0682850992915865,0.0,0.2639924615756625,0.061946427905816046,0.0,0.0,4.55879576240316,0.13333333333333333,0.0,1201,False,0
HRW0550,0.06818195140084855,0.0,0.23471588059427237,0.08495510112797632,0.0,0.0,4.370555589777881,0.16000000000000003,0.0,3733,False,0
FQA0854,0.06773754456171334,0.0,0.26125468792629664,0.061946427905816046,0.0,0.0,4.541192648682567,0.13333333333333333,0.0,5714,False,0
MIL0255,0.06762429626004846,0.0,0.26068844641797223,0.061946427905816046,0.0,0.0,4.5375518752144375,0.13333333333333333,0.0,4058,False,0
CLD0894,0.06705705476467361,0.0,0.25785223894109793,0.061946427905816046,0.0,0.0,4.519315859697896,0.13333333333333333,0.0,1921,False,0
OQH0183,0.06698137714903805,0.0,0.2574738508629202,0.061946427905816046,0.0,0.0,4.516882930893784,0.13333333333333333,0.0,1714,False,0
JBM0350,0.06640513625972826,0.0,0.1983460683582064,0.08342309418507435,0.039200993612122564,0.0,4.1367079373481825,0.15822442962777888,7.990488048383427,5629,False,0
FBW0747,0.06637976073775839,0.004871339503776018,0.1495900590130582,0.13097244757229679,0.011800674937081007,3.3328776877930606,3.8232205249524394,0.21333333333333335,2.405376582557956,8066,False,0
HTH0007,0.06606252084561286,0.012592229945542611,0.19008376172419794,0.08495510112797632,0.011800674937081007,8.615363842435295,4.083583632018357,0.16000000000000003,2.405376582557956,13493,False,0
SBN0495,0.06583103364028026,0.0,0.25172213331913124,0.061946427905816046,0.0,0.0,4.4799010065350995,0.13333333333333333,0.0,6682,False,0
APG0307,0.06580770094602925,0.004871339503776018,0.2131019493126238,0.08495510112797632,0.0,3.3328776877930606,4.2315840972339025,0.16000000000000003,0.0,1122,False,0
WTF0387,0.06557812534786922,0.0,0.250457591857076,0.061946427905816046,0.0,0.0,4.471770360977122,0.13333333333333333,0.0,3951,False,0
TSB0437,0.06553592164160212,0.0,0.2502465733257405,0.061946427905816046,0.0,0.0,4.470413571234803,0.13333333333333333,0.0,2324,False,0
MFV0897,0.0653989282544769,0.0,0.24956160639011446,0.061946427905816046,0.0,0.0,4.466009426697338,0.13333333333333333,0.0,1970,False,0
PKB0429,0.06525929912293003,0.0,0.2488634607323801,0.061946427905816046,0.0,0.0,4.461520546687304,0.13333333333333333,0.0,4228,False,0
NBC0412,0.06498192798765952,0.0,0.30499828811142815,0.015929081461495565,0.0,0.0,4.822451681468347,0.08000000000000002,0.0,4065,False,0
TVS0050,0.06482986435380961,0.018026098180322497,0.12438156594303204,0.13097244757229679,0.0,12.333112971615689,3.6611370121904394,0.21333333333333335,0.0,17724,False,0
ILC0838,0.0638831002521271,0.004871339503776018,0.14595726278771246,0.13097244757229679,0.0,3.3328776877930606,3.799862668069963,0.21333333333333335,0.0,1068,False,0
BSB0990,0.06384673281167663,0.0,0.24180062917611309,0.061946427905816046,0.0,0.0,4.416108528384344,0.13333333333333333,0.0,5242,False,0
TLK0993,0.06353358037946662,0.0,0.240234867015063,0.061946427905816046,0.0,0.0,4.40604111854323,0.13333333333333333,0.0,5094,False,0
KTG0091,0.06317854817784106,0.0,0.23845970600693525,0.061946427905816046,0.0,0.0,4.394627333073539,0.13333333333333333,0.0,4553,False,0
JAM0382,0.06269536820484065,0.0,0.23604380614193315,0.061946427905816046,0.0,0.0,4.379093777159942,0.13333333333333333,0.0,4827,False,0
LHB0606,0.0626268184274268,0.0,0.23570105725486393,0.061946427905816046,0.0,0.0,4.376889998320123,0.13333333333333333,0.0,1569,False,0
TPH0474,0.06252777285329678,0.0,0.23520582938421383,0.061946427905816046,0.0,0.0,4.37370582254771,0.13333333333333333,0.0,1346,False,0
NMG0766,0.06222665629710754,0.0,0.2337002466032676,0.061946427905816046,0.0,0.0,4.364025349176618,0.13333333333333333,0.0,1947,False,0
HBB0056,0.06218518963441802,0.0,0.23349291328982,0.061946427905816046,0.0,0.0,4.362692254347712,0.13333333333333333,0.0,4892,False,0
ARD0509,0.062178862880851296,0.0,0.290982962577387,0.015929081461495565,0.0,0.0,4.732337084425597,0.08000000000000002,0.0,1718,False,0
HWM0342,0.062096807151302204,0.0,0.29057268392964153,0.015929081461495565,0.0,0.0,4.7296991082382425,0.08000000000000002,0.0,1749,False,0
ZMC0284,0.06207425773097189,0.004871339503776018,0.25195641629273763,0.038937754683655804,0.0,3.3328776877930606,4.481407380090907,0.10666666666666667,0.0,3691,False,0
AWM0764,0.06165523095376681,0.0,0.23084311988656395,0.061946427905816046,0.0,0.0,4.345654828837974,0.13333333333333333,0.0,1909,False,0
HGG0240,0.06154470388225346,0.0,0.2302904845289972,0.061946427905816046,0.0,0.0,4.342101539088282,0.13333333333333333,0.0,3816,False,0
CRD0624,0.06127208015784019,0.004871339503776018,0.13290216231627794,0.13097244757229679,0.0,3.3328776877930606,3.7159220478197597,0.21333333333333335,0.0,855,False,0
SVL0940,0.06116044785298616,0.0,0.22836920438266076,0.061946427905816046,0.0,0.0,4.329748248701068,0.13333333333333333,0.0,5049,False,0
EAH0466,0.06106842377754694,0.0,0.08410487636696314,0.17698979401661727,0.0,0.0,3.402169238481025,0.26666666666666666,0.0,526,False,0
EFS0882,0.06106725570580418,0.0,0.2279032436467508,0.061946427905816046,0.0,0.0,4.326752252364609,0.13333333333333333,0.0,1806,False,0
PLH0715,0.06085816040173522,0.0,0.22685776712640607,0.061946427905816046,0.0,0.0,4.320030132702123,0.13333333333333333,0.0,1201,False,0
KMS0657,0.060829226484753855,0.0,0.30414613242376926,0.0,0.0,0.0,4.816972560328809,0.06153846153846154,0.0,1698,False,0
BDB0453,0.06082050400762089,0.0,0.22666948515583438,0.061946427905816046,0.0,0.0,4.318819532643832,0.13333333333333333,0.0,1252,False,0
GJT0386,0.06076087258223037,0.0,0.22637132802888174,0.061946427905816046,0.0,0.0,4.316902466266351,0.13333333333333333,0.0,4732,False,0
ONW0083,0.060698134377016516,0.0,0.22605763700281253,0.061946427905816046,0.0,0.0,4.314885521291259,0.13333333333333333,0.0,4755,False,0
JRL0574,0.060479133253319675,0.0,0.2249626313843283,0.061946427905816046,0.0,0.0,4.3078449434731,0.13333333333333333,0.0,1190,False,0
CHG0146,0.06042620625678388,0.0,0.22469799640164936,0.061946427905816046,0.0,0.0,4.306143415044837,0.13333333333333333,0.0,7285,False,0
AAW0353,0.06002484767843551,0.0,0.22269120350990745,0.061946427905816046,0.0,0.0,4.29324030178155,0.13333333333333333,0.0,1952,False,0
RHC0335,0.059927827970218006,0.0,0.22220610496881993,0.061946427905816046,0.0,0.0,4.290121254746221,0.13333333333333333,0.0,1802,False,0
TMA0069,0.05981573241805249,0.0,0.22164562720799239,0.061946427905816046,0.0,0.0,4.286517540551661,0.13333333333333333,0.0,3763,False,0
DLF0377,0.05979594305988312,0.0,0.2215466804171455,0.061946427905816046,0.0,0.0,4.285881340545876,0.13333333333333333,0.0,5917,False,0
IMB0481,0.05956618043452544,0.0,0.22039786729035712,0.061946427905816046,0.0,0.0,4.278494795599309,0.13333333333333333,0.0,6797,False,0
ABH0663,0.05919855966986029,0.0,0.21855976346703138,0.061946427905816046,0.0,0.0,4.266676305550011,0.13333333333333333,0.0,1878,False,0
NAF0033,0.05915963366941089,0.0,0.21836513346478437,0.061946427905816046,0.0,0.0,4.265424889435393,0.13333333333333333,0.0,6128,False,0
SDF0017,0.05908618904295174,0.0,0.2179979103324886,0.061946427905816046,0.0,0.0,4.263063748089712,0.13333333333333333,0.0,4423,False,0
DAG0558,0.05894125101366085,0.0,0.2172732201860342,0.061946427905816046,0.0,0.0,4.258404194491048,0.13333333333333333,0.0,3683,False,0
DBG0261,0.05892806387137019,0.0,0.21720728447458088,0.061946427905816046,0.0,0.0,4.257980246431196,0.13333333333333333,0.0,3800,False,0
CKB0427,0.058562693509721514,0.0,0.2153804326663375,0.061946427905816046,0.0,0.0,4.246234103670772,0.13333333333333333,0.0,4400,False,0
CKD0680,0.05846313899212627,0.0,0.21488266007836127,0.061946427905816046,0.0,0.0,4.24303356608244,0.13333333333333333,0.0,3824,False,0
ADF0397,0.05839835454302944,0.0,0.21455873783287716,0.061946427905816046,0.0,0.0,4.240950837247203,0.13333333333333333,0.0,3750,False,0
BBH0810,0.058262504593574516,0.0,0.21387948808560248,0.061946427905816046,0.0,0.0,4.236583452621111,0.13333333333333333,0.0,4996,False,0
AKH0758,0.05799068618349658,0.0,0.2125203960352128,0.061946427905816046,0.0,0.0,4.227844873401713,0.13333333333333333,0.0,1703,False,0
SBQ0786,0.057883987373123974,0.0,0.2119869019833498,0.061946427905816046,0.0,0.0,4.224414656858289,0.13333333333333333,0.0,6763,False,0
EMS0317,0.057878552481877926,0.0,0.21195972752711958,0.061946427905816046,0.0,0.0,4.224239932755942,0.13333333333333333,0.0,5972,False,0
HSP0290,0.05784725362077517,0.004871339503776018,0.1732997126863534,0.08495510112797632,0.0,3.3328776877930606,3.9756669224051913,0.16000000000000003,0.0,1114,False,0
KVT0028,0.057743793406755305,0.0,0.26880761520690705,0.015929081461495565,0.0,0.0,4.589755844502189,0.08000000000000002,0.0,3733,False,0
HKF0831,0.057612449031425206,0.0,0.2393900518025563,0.038937754683655804,0.0,0.0,4.400609194592144,0.10666666666666667,0.0,1029,False,0
DEB0782,0.05737325738770786,0.0,0.26695493511166984,0.015929081461495565,0.0,0.0,4.577843633128581,0.08000000000000002,0.0,1696,False,0
SSS0345,0.05731912527010066,0.0,0.2091625914682332,0.061946427905816046,0.0,0.0,4.206255135456153,0.13333333333333333,0.0,1785,False,0
GBM0603,0.0572051443442384,0.0,0.2085926868389219,0.061946427905816046,0.0,0.0,4.202590809151462,0.13333333333333333,0.0,7306,False,0
BLL0929,0.05718279957961403,0.0,0.2084809630158001,0.061946427905816046,0.0,0.0,4.201872456425638,0.13333333333333333,0.0,4100,False,0
AIH0675,0.05716082198107024,0.0,0.20837107502308114,0.061946427905816046,0.0,0.0,4.201165907572409,0.13333333333333333,0.0,5165,False,0
RKF0164,0.05677821888374929,0.0,0.26397974259187695,0.015929081461495565,0.0,0.0,4.5587139829185634,0.08000000000000002,0.0,3596,False,0
OCB0805,0.056699151193343345,0.0,0.20606272108444665,0.061946427905816046,0.0,0.0,4.186323841684831,0.13333333333333333,0.0,4281,False,0
PGO0433,0.056448874769603447,0.0,0.20481133896574719,0.061946427905816046,0.0,0.0,4.1782778069995,0.13333333333333333,0.0,3691,False,0
LHN0151,0.056307180676836516,0.0,0.2041028685019125,0.061946427905816046,0.0,0.0,4.173722541393283,0.13333333333333333,0.0,2953,False,0
YEV0793,0.05617826848602253,0.0,0.20345830754784255,0.061946427905816046,0.0,0.0,4.169578195940555,0.13333333333333333,0.0,3715,False,0
HAH0248,0.05596096077183432,0.0,0.20237176897690157,0.061946427905816046,0.0,0.0,4.162592058854125,0.13333333333333333,0.0,3726,False,0
BEC0505,0.05583757987581404,0.0,0.2592765475522007,0.015929081461495565,0.0,0.0,4.528473763040369,0.08000000000000002,0.0,5711,False,0
OMS0101,0.05577324983886914,0.0,0.20143321431207561,0.061946427905816046,0.0,0.0,4.156557416617813,0.13333333333333333,0.0,3798,False,0
CAC0889,0.055707233426240434,0.0,0.2586248153043327,0.015929081461495565,0.0,0.0,4.524283308187662,0.08000000000000002,0.0,290,False,0
DHM0937,0.055485281604483946,0.0,0.19999337314014964,0.061946427905816046,0.0,0.0,4.1472996432825795,0.13333333333333333,0.0,3725,False,0
SVL0803,0.055158844866581,0.0,0.1983611894506349,0.061946427905816046,0.0,0.0,4.136805161715018,0.13333333333333333,0.0,5274,False,0
EIP0997,0.055150866038543106,0.0,0.19832129531044546,0.061946427905816046,0.0,0.0,4.136548653626154,0.13333333333333333,0.0,4294,False,0
MAD0753,0.05479596586773895,0.0,0.1965467944564247,0.061946427905816046,0.0,0.0,4.125139112761499,0.13333333333333333,0.0,7375,False,0
IMG0320,0.054793213819931005,0.0,0.19653303421738497,0.061946427905816046,0.0,0.0,4.125050638298792,0.13333333333333333,0.0,7259,False,0
DDA0476,0.054752440128283134,0.0,0.1963291657591456,0.061946427905816046,0.0,0.0,4.123739821513314,0.13333333333333333,0.0,5830,False,0
DBW0483,0.054686731114239245,0.0,0.19600062068892612,0.061946427905816046,0.0,0.0,4.121627369216626,0.13333333333333333,0.0,7216,False,0
RFP0380,0.054668796640108305,0.0,0.19591094831827144,0.061946427905816046,0.0,0.0,4.12105080112138,0.13333333333333333,0.0,3697,False,0
KNB0022,0.054657506193708336,0.0,0.19585449608627162,0.061946427905816046,0.0,0.0,4.120687829164256,0.13333333333333333,0.0,4592,False,0
SMW0084,0.054594068886687275,0.0,0.19553730955116633,0.061946427905816046,0.0,0.0,4.118648409050254,0.13333333333333333,0.0,3764,False,0
WKF0012,0.05431977864914282,0.0,0.19416585836344405,0.061946427905816046,0.0,0.0,4.109830364057634,0.13333333333333333,0.0,8054,False,0
FAW0032,0.054233458134595125,0.0,0.19373425579070555,0.061946427905816046,0.0,0.0,4.1070552810365175,0.13333333333333333,0.0,7263,False,0
RHP0484,0.05413456028102072,0.0,0.1932397665228335,0.061946427905816046,0.0,0.0,4.103875854272007,0.13333333333333333,0.0,8400,False,0
DZC0228,0.053903358615314076,0.0,0.19208375819430032,0.061946427905816046,0.0,0.0,4.0964430462040955,0.13333333333333333,0.0,3729,False,0
RAG0275,0.053779272953997315,0.0,0.1914633298877165,0.061946427905816046,0.0,0.0,4.092453866879939,0.13333333333333333,0.0,3699,False,0
MCJ0324,0.05366567726105215,0.0,0.1908953514229907,0.061946427905816046,0.0,0.0,4.088801925271205,0.13333333333333333,0.0,5745,False,0
LEM0605,0.05366555980360842,0.0,0.19089476413577203,0.061946427905816046,0.0,0.0,4.088798149179745,0.13333333333333333,0.0,6860,False,0
KNG0672,0.053551611318691295,0.0,0.1903250217111864,0.061946427905816046,0.0,0.0,4.08513486580577,0.13333333333333333,0.0,3220,False,0
ZCF0590,0.0534561578860584,0.0,0.1898477545480219,0.061946427905816046,0.0,0.0,4.082066172325491,0.13333333333333333,0.0,1138,False,0
ENL0100,0.053452890664456465,0.0,0.18983141844001222,0.061946427905816046,0.0,0.0,4.081961135750567,0.13333333333333333,0.0,4288,False,0
AMH0794,0.05343318011801382,0.0,0.189732865707799,0.061946427905816046,0.0,0.0,4.081327469430845,0.13333333333333333,0.0,3663,False,0
BSH0445,0.05313407569992758,0.0,0.1882373436173678,0.061946427905816046,0.0,0.0,4.071711683467087,0.13333333333333333,0.0,3739,False,0
LDM0587,0.053121441894534785,0.004871339503776018,0.12090981252745119,0.10796377435013654,0.0,3.3328776877930606,3.6388146152316976,0.18666666666666668,0.0,1059,False,0
IIA0092,0.053105091222213324,0.0,0.18809242122879655,0.061946427905816046,0.0,0.0,4.070779873312778,0.13333333333333333,0.0,3701,False,0
TEM0093,0.052803912844789094,0.0,0.18658652934167544,0.061946427905816046,0.0,0.0,4.061097412476013,0.13333333333333333,0.0,2670,False,0
ESH0135,0.05278630256128167,0.0,0.1864984779241383,0.061946427905816046,0.0,0.0,4.0605312666529185,0.13333333333333333,0.0,1032,False,0
DJS0682,0.05276219636325387,0.0,0.18637794693399926,0.061946427905816046,0.0,0.0,4.05975628632291,0.13333333333333333,0.0,4164,False,0
JER0404,0.05252937726254213,0.0,0.18521385143044058,0.061946427905816046,0.0,0.0,4.052271479996602,0.13333333333333333,0.0,4773,False,0
MIC0726,0.05241364904103557,0.0,0.18463521032290778,0.061946427905816046,0.0,0.0,4.048550980596781,0.13333333333333333,0.0,7584,False,0
CFG0959,0.05232101208473028,0.0,0.2416937085967819,0.015929081461495565,0.0,0.0,4.415421059163696,0.08000000000000002,0.0,1212,False,0
HVB0037,0.05222640883876152,0.007720890441766594,0.13949638690030403,0.08495510112797632,0.0,5.282486154642235,3.7583210552317237,0.16000000000000003,0.0,6313,False,0
MAH0864,0.051891121010920124,0.0,0.18202257017233056,0.061946427905816046,0.0,0.0,4.031752440040935,0.13333333333333333,0.0,6703,False,0
MVF0594,0.051844761110121554,0.0,0.1817907706683377,0.061946427905816046,0.0,0.0,4.030262034495499,0.13333333333333333,0.0,1146,False,0
FRR0832,0.05167308815947645,0.0,0.2384540889705128,0.015929081461495565,0.0,0.0,4.39459121711087,0.08000000000000002,0.0,1028,False,0
JMH0543,0.05159496217389155,0.0,0.23806345904258824,0.015929081461495565,0.0,0.0,4.39207957665969,0.08000000000000002,0.0,2635,False,0
UJC0737,0.05146076565648862,0.0,0.17987079340017306,0.061946427905816046,0.0,0.0,4.017917121248093,0.13333333333333333,0.0,5689,False,0
BTS0011,0.0508518108467063,0.0,0.1768260193512614,0.061946427905816046,0.0,0.0,3.998340081397148,0.13333333333333333,0.0,6627,False,0
HAV0121,0.05079387701091237,0.0,0.17653635017229177,0.061946427905816046,0.0,0.0,3.9964775901353393,0.13333333333333333,0.0,3931,False,0
RGH0728,0.05060016007383096,0.0,0.1755677654868847,0.061946427905816046,0.0,0.0,3.990249863321914,0.13333333333333333,0.0,4678,False,0
BAH0875,0.050531549406839744,0.004871339503776018,0.13672119161667629,0.08495510112797632,0.0,3.3328776877930606,3.7404773309392247,0.16000000000000003,0.0,6331,False,0
HDD0789,0.05038119843572593,0.0,0.1744729572963596,0.061946427905816046,0.0,0.0,3.983210554909944,0.13333333333333333,0.0,5434,False,0
MSS0001,0.05035503636386254,0.0,0.17434214693704267,0.061946427905816046,0.0,0.0,3.982369481130371,0.13333333333333333,0.0,15467,False,0
BJH0811,0.05011134372833033,0.0,0.17312368375938159,0.061946427905816046,0.0,0.0,3.974535105967292,0.13333333333333333,0.0,4302,False,0
DSM0591,0.05009922467198005,0.0,0.17306308847763022,0.061946427905816046,0.0,0.0,3.9741454953667783,0.13333333333333333,0.0,1138,False,0
MKS0204,0.050019216977469125,0.0,0.17266305000507554,0.061946427905816046,0.0,0.0,3.9715733606226866,0.13333333333333333,0.0,4760,False,0
AAV0450,0.05001742121888106,0.0,0.17265407121213522,0.061946427905816046,0.0,0.0,3.9715156295121403,0.13333333333333333,0.0,1116,False,0
FLM0213,0.04987051388302334,0.0,0.17191953453284667,0.061946427905816046,0.0,0.0,3.966792765479733,0.13333333333333333,0.0,5372,False,0
ZSK0258,0.049755811405232636,0.0,0.1713460221438931,0.061946427905816046,0.0,0.0,3.96310524229634,0.13333333333333333,0.0,4829,False,0
JCV0245,0.04965870254030082,0.0,0.170860477819234,0.061946427905816046,0.0,0.0,3.9599833289981596,0.13333333333333333,0.0,5164,False,0
CIG0052,0.04958650417927271,0.0,0.17049948601409348,0.061946427905816046,0.0,0.0,3.9576622533316,0.13333333333333333,0.0,5546,False,0
KQS0415,0.04948976046884991,0.0,0.22753745051738006,0.015929081461495565,0.0,0.0,4.3244003055351055,0.08000000000000002,0.0,3724,False,0
LOF0311,0.04946606108837527,0.0,0.16989727055960627,0.061946427905816046,0.0,0.0,3.9537901775184325,0.13333333333333333,0.0,5733,False,0
AMD0077,0.04873682189804712,0.0,0.16625107460796557,0.061946427905816046,0.0,0.0,3.930346164168693,0.13333333333333333,0.0,8412,False,0
ZSL0305,0.048681617548893275,0.0,0.1659750528621963,0.061946427905816046,0.0,0.0,3.928571422059805,0.13333333333333333,0.0,1138,False,0
ASG0048,0.048453145039601936,0.0,0.1648326903157396,0.061946427905816046,0.0,0.0,3.9212263525285525,0.13333333333333333,0.0,9407,False,0
BSA0431,0.04835211789515205,0.0,0.16432755459349022,0.061946427905816046,0.0,0.0,3.917978472060001,0.13333333333333333,0.0,4458,False,0
MBG0438,0.04826976907202049,0.0,0.19267665200553266,0.038937754683655804,0.0,0.0,4.100255186475727,0.10666666666666667,0.0,2480,False,0
AMR0400,0.048148752690846605,0.0,0.163310728571963,0.061946427905816046,0.0,0.0,3.9114405670381056,0.13333333333333333,0.0,4581,False,0
SNS0129,0.04814567423016458,0.0,0.19205617779625314,0.038937754683655804,0.0,0.0,4.096265712010162,0.10666666666666667,0.0,4410,False,0
NJB0243,0.04805243598884382,0.0,0.162829145061949,0.061946427905816046,0.0,0.0,3.9083441206628904,0.13333333333333333,0.0,4291,False,0
NRO0768,0.04792232261282861,0.0,0.16217857818187298,0.061946427905816046,0.0,0.0,3.904161158796966,0.13333333333333333,0.0,1590,False,0
DPS0262,0.047503106629355404,0.0,0.160082498264507,0.061946427905816046,0.0,0.0,3.890683955098482,0.13333333333333333,0.0,1218,False,0
KKC0683,0.04713897142997005,0.0,0.15826182226758015,0.061946427905816046,0.0,0.0,3.8789775210659676,0.13333333333333333,0.0,4000,False,0
HLM0933,0.04712982030248211,0.0,0.1869769081578408,0.038937754683655804,0.0,0.0,4.063607438349284,0.10666666666666667,0.0,3743,False,0
QNF0205,0.046867778564389354,0.0,0.15690585793967668,0.061946427905816046,0.0,0.0,3.8702590522215177,0.13333333333333333,0.0,5705,False,0
IMP0530,0.04649803082130986,0.0,0.21257880227967982,0.015929081461495565,0.0,0.0,4.228220409108832,0.08000000000000002,0.0,1701,False,0
DIC0988,0.046471401761297326,0.0,0.15492397392421658,0.061946427905816046,0.0,0.0,3.857516096019404,0.13333333333333333,0.0,5030,False,0
PTH0830,0.046441122037305174,0.0,0.21229425835965637,0.015929081461495565,0.0,0.0,4.226390871818984,0.08000000000000002,0.0,1261,False,0
SLP0762,0.04618720717931965,0.0,0.21102468406972877,0.015929081461495565,0.0,0.0,4.218227866594826,0.08000000000000002,0.0,1694,False,0
FKB0163,0.04612810781125634,0.0,0.15320750417401163,0.061946427905816046,0.0,0.0,3.846479678813104,0.13333333333333333,0.0,4441,False,0
WGR0833,0.04608487648584256,0.0,0.1529913475469427,0.061946427905816046,0.0,0.0,3.845089852561896,0.13333333333333333,0.0,1113,False,0
GJD0298,0.04599559781178977,0.0,0.1525449541766788,0.061946427905816046,0.0,0.0,3.842219668877173,0.13333333333333333,0.0,1033,False,0
PKB0281,0.04588478944877182,0.0,0.15199091236158901,0.061946427905816046,0.0,0.0,3.8386573360016087,0.13333333333333333,0.0,5114,False,0
WBC0315,0.045789698665704245,0.0,0.18027629997395145,0.038937754683655804,0.0,0.0,4.02052441434346,0.10666666666666667,0.0,5713,False,0
JJB0127,0.045257956921699205,0.0,0.14885674972622595,0.061946427905816046,0.0,0.0,3.8185055527079426,0.13333333333333333,0.0,4598,False,0
UCS0227,0.04510670211788,0.0,0.14810047570712995,0.061946427905816046,0.0,0.0,3.813642923700917,0.13333333333333333,0.0,3941,False,0
RLB0719,0.04509905478960846,0.0,0.14806223906577226,0.061946427905816046,0.0,0.0,3.8133970728628577,0.13333333333333333,0.0,1065,False,0
SRS0231,0.04493264938389567,0.0,0.20475189509260885,0.015929081461495565,0.0,0.0,4.177895599632178,0.08000000000000002,0.0,3716,False,0
JIG0128,0.04484449370495082,0.0,0.14678943364248404,0.061946427905816046,0.0,0.0,3.805213292360945,0.13333333333333333,0.0,3849,False,0
SLB0049,0.04479333276427955,0.0,0.14653362893912766,0.061946427905816046,0.0,0.0,3.8035685401424817,0.13333333333333333,0.0,11959,False,0
DGN0480,0.04456321117594193,0.0,0.17414386252513991,0.038937754683655804,0.0,0.0,3.9810945681905983,0.10666666666666667,0.0,5462,False,0
QCH0110,0.04450766273152315,0.0,0.22253831365761573,0.0,0.0,0.0,4.292257263078829,0.06153846153846154,0.0,1537,False,0
JKB0126,0.04441700364139421,0.0,0.144651983324701,0.061946427905816046,0.0,0.0,3.7914700886359882,0.13333333333333333,0.0,3819,False,0
NCE0097,0.04430424183871616,0.0,0.1440881743113107,0.061946427905816046,0.0,0.0,3.7878449554253946,0.13333333333333333,0.0,4201,False,0
CJC0494,0.044298758844750485,0.0,0.17282160086918263,0.038937754683655804,0.0,0.0,3.9725927980374713,0.10666666666666667,0.0,5724,False,0
UCH0519,0.04409368796440555,0.0,0.20055708799515826,0.015929081461495565,0.0,0.0,4.15092417108129,0.08000000000000002,0.0,1370,False,0
SER0165,0.04406984560993743,0.0,0.14291619316741708,0.061946427905816046,0.0,0.0,3.780309446652005,0.13333333333333333,0.0,6183,False,0
RHY0079,0.044019475478469156,0.0,0.12802920408559704,0.06243236229031494,0.01870362725847339,0.0,3.6845902984217602,0.13389652314128903,3.8124316834671674,6820,False,0
JIM0095,0.04362016210787356,0.0,0.14066777565709773,0.061946427905816046,0.0,0.0,3.7658527551228524,0.13333333333333333,0.0,5285,False,0
BVN0514,0.0433814861729407,0.0,0.196996079037834,0.015929081461495565,0.0,0.0,4.12802788611984,0.08000000000000002,0.0,563,False,0
CCM0855,0.04298047845387103,0.0,0.13746935738708504,0.061946427905816046,0.0,0.0,3.745287826190142,0.13333333333333333,0.0,7873,False,0
WVB0539,0.04289183291410003,0.0,0.13702612968823008,0.061946427905816046,0.0,0.0,3.742437996881255,0.13333333333333333,0.0,6342,False,0
JXH0493,0.04285076120433354,0.0,0.1368207711393976,0.061946427905816046,0.0,0.0,3.7411175992328114,0.13333333333333333,0.0,7648,False,0
TCD0009,0.042675298241195064,0.0,0.19346513937910584,0.015929081461495565,0.0,0.0,4.105324938282081,0.08000000000000002,0.0,4366,False,0
JCW0858,0.042507097414256616,0.0,0.135102452189013,0.061946427905816046,0.0,0.0,3.730069292190015,0.13333333333333333,0.0,7399,False,0
HMW0713,0.042231374422331436,0.0,0.13372383722938713,0.061946427905816046,0.0,0.0,3.7212051861610793,0.13333333333333333,0.0,1098,False,0
NAB0801,0.042218387036193156,0.0,0.13365890029869573,0.061946427905816046,0.0,0.0,3.7207876599803114,0.13333333333333333,0.0,4160,False,0
AKW0167,0.042103828011685905,0.0,0.13308610517615946,0.061946427905816046,0.0,0.0,3.717104748618029,0.13333333333333333,0.0,5189,False,0
BMC0547,0.04180489111863714,0.0,0.13159142071091565,0.061946427905816046,0.0,0.0,3.7074943483483844,0.13333333333333333,0.0,5061,False,0
JFC0757,0.0415031567735241,0.0,0.20751578386762048,0.0,0.0,0.0,4.195666626257725,0.06153846153846154,0.0,2436,False,0
ZJE0857,0.04146097446842218,0.0,0.11523669903536217,0.06243236229031494,0.01870362725847339,0.0,3.6023380927937647,0.13389652314128903,3.8124316834671674,6150,False,0
BTL0722,0.04102338724080809,0.0,0.12768390132177038,0.061946427905816046,0.0,0.0,3.682370098873458,0.13333333333333333,0.0,1089,False,0
BHW0458,0.041020005410548066,0.0,0.12766699217047026,0.061946427905816046,0.0,0.0,3.682261377791522,0.13333333333333333,0.0,1051,False,0
HIW0536,0.040879266743006036,0.0,0.1269632988327601,0.061946427905816046,0.0,0.0,3.677736827761243,0.13333333333333333,0.0,5418,False,0
RDM0115,0.04079420836167487,0.0,0.18405968998150488,0.015929081461495565,0.0,0.0,4.044850546844496,0.08000000000000002,0.0,4369,False,0
SCF0608,0.04077400525705537,0.0,0.1264369914030068,0.061946427905816046,0.0,0.0,3.6743528191745263,0.13333333333333333,0.0,7192,False,0
CBG0490,0.040630333057011345,0.0,0.18324031345818725,0.015929081461495565,0.0,0.0,4.039582186502404,0.08000000000000002,0.0,5721,False,0
IRT0491,0.040518759958895055,0.0,0.1826824479676058,0.015929081461495565,0.0,0.0,4.035995268470018,0.08000000000000002,0.0,5711,False,0
AES0827,0.040484031916229055,0.0,0.12498712469887518,0.061946427905816046,0.0,0.0,3.665030584489989,0.13333333333333333,0.0,1071,False,0
BJW0619,0.04044990503243969,0.0,0.12481649027992839,0.061946427905816046,0.0,0.0,3.6639334532198187,0.13333333333333333,0.0,7489,False,0
CNE0352,0.040404883240148924,0.0,0.12459138131847455,0.061946427905816046,0.0,0.0,3.662486065979126,0.13333333333333333,0.0,9331,False,0
CCW0031,0.040295297240522436,0.0,0.1815651343757427,0.015929081461495565,0.0,0.0,4.028811256664044,0.08000000000000002,0.0,5409,False,0
DSB0731,0.040190840109793666,0.0,0.18104284872209886,0.015929081461495565,0.0,0.0,4.025453106965344,0.08000000000000002,0.0,5628,False,0
JOL0024,0.040138216514120896,0.0,0.18077973074373502,0.015929081461495565,0.0,0.0,4.023761332447701,0.08000000000000002,0.0,4332,False,0
JLW0053,0.04011598047868536,0.0,0.12314686751115672,0.061946427905816046,0.0,0.0,3.653198248913945,0.13333333333333333,0.0,7169,False,0
ARL0034,0.04003406391527902,0.0,0.18025896774952563,0.015929081461495565,0.0,0.0,4.020412973020446,0.08000000000000002,0.0,5362,False,0
SHR0334,0.0395907261599282,0.0,0.197953630799641,0.0,0.0,0.0,4.134184674340936,0.06153846153846154,0.0,1707,False,0
ARB0834,0.03942904603593973,0.0,0.1484730368251289,0.038937754683655804,0.0,0.0,3.816038386791712,0.10666666666666667,0.0,630,False,0
MSZ0310,0.039387643731789275,0.0,0.17702686683207688,0.015929081461495565,0.0,0.0,3.9996314741483743,0.08000000000000002,0.0,5703,False,0
MMB0488,0.03919779748605161,0.0,0.17607763560338857,0.015929081461495565,0.0,0.0,3.99352818461251,0.08000000000000002,0.0,5059,False,0
SOB0586,0.03917409745989391,0.0,0.1184374524171995,0.061946427905816046,0.0,0.0,3.622918035838036,0.13333333333333333,0.0,1088,False,0
KAC0124,0.038986609481964515,0.0,0.11750001252755253,0.061946427905816046,0.0,0.0,3.61689056129225,0.13333333333333333,0.0,3781,False,0
LHL0309,0.03892364255668496,0.0,0.17470686095655533,0.015929081461495565,0.0,0.0,3.9847144895873203,0.08000000000000002,0.0,5673,False,0
CEB0210,0.03890749837476916,0.0,0.17462614004697632,0.015929081461495565,0.0,0.0,3.9841954768664265,0.08000000000000002,0.0,5304,False,0
NRD0548,0.03869445616824327,0.0,0.11603924595894628,0.061946427905816046,0.0,0.0,3.607498243548096,0.13333333333333333,0.0,3563,False,0
DDM0579,0.038642097937798006,0.0,0.11577745480671997,0.061946427905816046,0.0,0.0,3.6058150001489375,0.13333333333333333,0.0,1094,False,0
KJS0618,0.03846826891283107,0.0,0.17242999273728585,0.015929081461495565,0.0,0.0,3.9700748680101716,0.08000000000000002,0.0,5751,False,0
RCP0785,0.03816294776726588,0.0,0.19081473883632938,0.0,0.0,0.0,4.088283609036172,0.06153846153846154,0.0,2032,False,0
CGF0337,0.038152314773285595,0.0,0.19076157386642795,0.0,0.0,0.0,4.087941773248782,0.06153846153846154,0.0,1709,False,0
JRF0835,0.03811684536856415,0.0,0.141912033488251,0.038937754683655804,0.0,0.0,3.773852982645169,0.10666666666666667,0.0,1032,False,0
ONL0276,0.03811511350658245,0.0,0.1131425326506422,0.061946427905816046,0.0,0.0,3.5888731925714223,0.13333333333333333,0.0,3713,False,0
LLV0602,0.0379474462809814,0.0,0.11230419652263693,0.061946427905816046,0.0,0.0,3.583482927309436,0.13333333333333333,0.0,8193,False,0
SGS0268,0.03766093719537747,0.0,0.11087165109461729,0.061946427905816046,0.0,0.0,3.5742720635533374,0.13333333333333333,0.0,3728,False,0
JKF0465,0.037567320680143186,0.0,0.16792525157384644,0.015929081461495565,0.0,0.0,3.9411106506797036,0.08000000000000002,0.0,1244,False,0
GTD0898,0.03728801082898667,0.0,0.18644005414493334,0.0,0.0,0.0,4.060155618202372,0.06153846153846154,0.0,1695,False,0
MDM0976,0.037202030852780385,0.0,0.10857711938163188,0.061946427905816046,0.0,0.0,3.559518870684911,0.13333333333333333,0.0,6553,False,0
AOB0019,0.037193558096840704,0.0,0.13729559712963374,0.038937754683655804,0.0,0.0,3.7441705966584955,0.10666666666666667,0.0,4332,False,0
CAN0842,0.03719093168623492,0.0,0.10852162354890453,0.061946427905816046,0.0,0.0,3.5591620481058257,0.13333333333333333,0.0,1065,False,0
MSD0939,0.037113611581659774,0.0,0.1081350230260288,0.061946427905816046,0.0,0.0,3.556676315594594,0.13333333333333333,0.0,3710,False,0
JZD0888,0.037103918835572645,0.0,0.18551959417786323,0.0,0.0,0.0,4.054237319777905,0.06153846153846154,0.0,1690,False,0
ORB0473,0.03703405685190434,0.0,0.16525893243265222,0.015929081461495565,0.0,0.0,3.9239669693279935,0.08000000000000002,0.0,1025,False,0
EMW0105,0.03699718575578015,0.0,0.1075528938966307,0.061946427905816046,0.0,0.0,3.5529333891962636,0.13333333333333333,0.0,4630,False,0
EZH0736,0.03684687157371849,0.0,0.10680132298632242,0.061946427905816046,0.0,0.0,3.5481009998545403,0.13333333333333333,0.0,6635,False,0
SIJ0661,0.03673100743200394,0.0,0.10622200227774964,0.061946427905816046,0.0,0.0,3.5443761308113806,0.13333333333333333,0.0,5441,False,0
TEM0977,0.03639092458333282,0.0,0.10452158803439403,0.061946427905816046,0.0,0.0,3.5334429459935492,0.13333333333333333,0.0,6090,False,0
HKB0418,0.03631391842947802,0.0,0.10413655726512003,0.061946427905816046,0.0,0.0,3.5309673065559983,0.13333333333333333,0.0,4978,False,0
RDM0150,0.036216198235176786,0.0,0.13240879782131415,0.038937754683655804,0.0,0.0,3.7127498530283596,0.10666666666666667,0.0,2372,False,0
NCK0295,0.035827172869292906,0.0,0.15922451251959505,0.015929081461495565,0.0,0.0,3.8851673483323124,0.08000000000000002,0.0,1167,False,0
LDB0090,0.03554351505782554,0.0,0.10028454040685764,0.061946427905816046,0.0,0.0,3.5061999227274114,0.13333333333333333,0.0,4359,False,0
QSV0778,0.03506379434570886,0.0,0.1753189717285443,0.0,0.0,0.0,3.9886501895059085,0.06153846153846154,0.0,2066,False,0
THD0448,0.034290027267165686,0.0,0.09401710145355836,0.061946427905816046,0.0,0.0,3.465902054911583,0.13333333333333333,0.0,1052,False,0
WGS0516,0.03417830817817931,0.0,0.17089154089089653,0.0,0.0,0.0,3.960183055802862,0.06153846153846154,0.0,1945,False,0
LJB0826,0.03416405347312712,0.0,0.15090891553876615,0.015929081461495565,0.0,0.0,3.8317004010768083,0.08000000000000002,0.0,1028,False,0
AMM0014,0.03292281401817269,0.0,0.08718103520859338,0.061946427905816046,0.0,0.0,3.4219480737124797,0.13333333333333333,0.0,9181,False,0
NMB0972,0.03210565756674072,0.0,0.08309525295143355,0.061946427905816046,0.0,0.0,3.3956776441877357,0.13333333333333333,0.0,1084,False,0
NLO0131,0.031005833298917932,0.0,0.1063569731400199,0.038937754683655804,0.0,0.0,3.5452439554535164,0.10666666666666667,0.0,1117,False,0
KPP0452,0.030945477820342064,0.0,0.07729435421944027,0.061946427905816046,0.0,0.0,3.3583794986363036,0.13333333333333333,0.0,1038,False,0
WTR0563,0.02995704651293162,0.0,0.10111303921008834,0.038937754683655804,0.0,0.0,3.511526936760885,0.10666666666666667,0.0,3901,False,0
MIM0712,0.02979939706395752,0.0,0.12908563349291816,0.015929081461495565,0.0,0.0,3.6913828420636206,0.08000000000000002,0.0,1031,False,0
RYB0718,0.029485701000129864,0.0,0.06999547011837925,0.061946427905816046,0.0,0.0,3.3114497289330385,0.13333333333333333,0.0,1033,False,0
SAH0599,0.029436268162118567,0.0,0.12726998898372338,0.015929081461495565,0.0,0.0,3.6797087590805626,0.08000000000000002,0.0,1026,False,0
AAL0706,0.029425414615780555,0.0,0.06969403819663271,0.061946427905816046,0.0,0.0,3.3095116065470807,0.13333333333333333,0.0,1030,False,0
WDO0870,0.029372017740931917,0.0,0.12694873687779012,0.015929081461495565,0.0,0.0,3.6776431984908355,0.08000000000000002,0.0,5504,False,0
FXF0957,0.029108258844598618,0.0,0.06810825934072304,0.061946427905816046,0.0,0.0,3.299315494993901,0.13333333333333333,0.0,1029,False,0
MAD0496,0.02675435125398447,0.0,0.1138604044430529,0.015929081461495565,0.0,0.0,3.5934889060733544,0.08000000000000002,0.0,1963,False,0
GOK0238,0.026264488954769672,0.0,0.1114110929469789,0.015929081461495565,0.0,0.0,3.5777405227793104,0.08000000000000002,0.0,3176,False,0
KJA0152,0.025298474944435545,0.0,0.07782018136760797,0.038937754683655804,0.0,0.0,3.3617604191476524,0.10666666666666667,0.0,4396,False,0
GCC0945,0.02515267445821347,0.0,0.04833033740879729,0.061946427905816046,0.0,0.0,3.1721490256236713,0.13333333333333333,0.0,1034,False,0
MLG0475,0.024421946788862708,0.0,0.10219838211744409,0.015929081461495565,0.0,0.0,3.5185053860671114,0.08000000000000002,0.0,1029,False,0
ZFM0468,0.024378648356887102,0.0,0.10198188995756605,0.015929081461495565,0.0,0.0,3.517113402434413,0.08000000000000002,0.0,1028,False,0
BER0314,0.024260270573111076,0.0,0.10139000103868592,0.015929081461495565,0.0,0.0,3.51330772333767,0.08000000000000002,0.0,5655,False,0
CLS0296,0.02398833308711792,0.0,0.10003031360872015,0.015929081461495565,0.0,0.0,3.504565315995232,0.08000000000000002,0.0,1107,False,0
ELT0769,0.023949549403565834,0.0,0.11974774701782917,0.0,0.0,0.0,3.6313428611948386,0.06153846153846154,0.0,1736,False,0
TIW0299,0.023461189657090178,0.0,0.09739459645858142,0.015929081461495565,0.0,0.0,3.4876183968297427,0.08000000000000002,0.0,1030,False,0
LTS0860,0.023301866426347333,0.0,0.0965979803048672,0.015929081461495565,0.0,0.0,3.4824963792558132,0.08000000000000002,0.0,5788,False,0
ICS0956,0.02293344342082327,0.0,0.03723418222184629,0.061946427905816046,0.0,0.0,3.1008038719940085,0.13333333333333333,0.0,748,False,0
MBR0724,0.022913190656726687,0.0,0.11456595328363343,0.0,0.0,0.0,3.5980253864646565,0.06153846153846154,0.0,1185,False,0
GZB0469,0.02269388990898684,0.0,0.09355809771806474,0.015929081461495565,0.0,0.0,3.462950790128995,0.08000000000000002,0.0,1026,False,0
JCR0289,0.022401516990912324,0.0,0.06333539159999187,0.038937754683655804,0.0,0.0,3.2686272992648995,0.10666666666666667,0.0,1033,False,0
CQH0730,0.02229079295745611,0.0,0.0915426129604111,0.015929081461495565,0.0,0.0,3.4499917906151683,0.08000000000000002,0.0,5760,False,0
SEJ0677,0.021835339991563212,0.0,0.10917669995781605,0.0,0.0,0.0,3.563374004972464,0.06153846153846154,0.0,2224,False,0
HDJ0446,0.021801600811994174,0.0,0.08909665223310141,0.015929081461495565,0.0,0.0,3.4342649518208397,0.08000000000000002,0.0,1029,False,0
RAH0440,0.021413394351696854,0.0,0.10706697175848427,0.0,0.0,0.0,3.5498090466637366,0.06153846153846154,0.0,5129,False,0
SMB0804,0.021099145326028843,0.0,0.1054957266301442,0.0,0.0,0.0,3.5397063828867275,0.06153846153846154,0.0,4983,False,0
CMS0454,0.02107824135525923,0.0,0.08547985494942668,0.015929081461495565,0.0,0.0,3.4110099636286617,0.08000000000000002,0.0,1028,False,0
CCM0467,0.020982191838703288,0.0,0.08499960736664698,0.015929081461495565,0.0,0.0,3.4079221068894205,0.08000000000000002,0.0,1027,False,0
AAF0791,0.020594412877253814,0.0,0.10297206438626906,0.0,0.0,0.0,3.523479945218445,0.06153846153846154,0.0,4542,False,0
CKP0721,0.020565375127136815,0.0,0.10282687563568407,0.0,0.0,0.0,3.522546422431384,0.06153846153846154,0.0,1143,False,0
CYA0506,0.020440121861250563,0.0,0.1022006093062528,0.0,0.0,0.0,3.5185197062640663,0.06153846153846154,0.0,511,False,0
CSB0080,0.020329454771935818,0.0,0.10164727385967907,0.0,0.0,0.0,3.514961915139176,0.06153846153846154,0.0,5761,False,0
SCB0534,0.020178240437139568,0.0,0.10089120218569783,0.0,0.0,0.0,3.510100587154266,0.06153846153846154,0.0,1706,False,0
GCS0518,0.020114207699583803,0.0,0.100571038497919,0.0,0.0,0.0,3.508042024786818,0.06153846153846154,0.0,1697,False,0
AMH0464,0.0200297339564056,0.0,0.08023731795515855,0.015929081461495565,0.0,0.0,3.377301926839026,0.08000000000000002,0.0,1029,False,0
LHB0967,0.019657081342064866,0.0,0.09828540671032432,0.0,0.0,0.0,3.4933460559328,0.06153846153846154,0.0,1133,False,0
MHA0798,0.01951758297185586,0.0,0.09758791485927928,0.0,0.0,0.0,3.488861379715693,0.06153846153846154,0.0,4153,False,0
CMW0783,0.019227454838382257,0.0,0.09613727419191127,0.0,0.0,0.0,3.479534168665462,0.06153846153846154,0.0,1688,False,0
KWC0004,0.019116664968627444,0.0,0.018150289960867167,0.061946427905816046,0.0,0.0,2.978099817997661,0.13333333333333333,0.0,18026,False,0
MOP0763,0.018840714283857345,0.0,0.09420357141928672,0.0,0.0,0.0,3.467101004288918,0.06153846153846154,0.0,1687,False,0
ASD0577,0.018803922247183563,0.0,0.0940196112359178,0.0,0.0,0.0,3.4659181921055024,0.06153846153846154,0.0,1058,False,0
CJH0702,0.018712750537897192,0.0,0.09356375268948595,0.0,0.0,0.0,3.462987150003025,0.06153846153846154,0.0,1146,False,0
RNF0765,0.01869885076052753,0.0,0.09349425380263764,0.0,0.0,0.0,3.462540291728628,0.06153846153846154,0.0,1686,False,0
RBB0485,0.01848537555728296,0.0,0.0924268777864148,0.0,0.0,0.0,3.455677364473646,0.06153846153846154,0.0,7987,False,0
MCF0327,0.018336430893776935,0.0,0.09168215446888467,0.0,0.0,0.0,3.450889003225485,0.06153846153846154,0.0,7990,False,0
AMJ0297,0.01747550938669177,0.0,0.08737754693345884,0.0,0.0,0.0,3.4232115887737185,0.06153846153846154,0.0,1086,False,0
PBP0002,0.01741265810875775,0.0,0.08706329054378875,0.0,0.0,0.0,3.4211910086698567,0.06153846153846154,0.0,5492,False,0
CSL0949,0.01732581034979754,0.0,0.08662905174898769,0.0,0.0,0.0,3.4183989754831297,0.06153846153846154,0.0,1110,False,0
SSR0278,0.016899449925380085,0.0,0.08449724962690042,0.0,0.0,0.0,3.4046920880661964,0.06153846153846154,0.0,2082,False,0
BAK0964,0.016741023048567293,0.0,0.06379376341596701,0.015929081461495565,0.0,0.0,3.2715745009829065,0.08000000000000002,0.0,1032,False,0
ERH0449,0.016567097297096867,0.0,0.08283548648548433,0.0,0.0,0.0,3.3940074189512703,0.06153846153846154,0.0,1078,False,0
ETR0177,0.01648667682165831,0.0,0.08243338410829154,0.0,0.0,0.0,3.3914220138814666,0.06153846153846154,0.0,4403,False,0
MHG0733,0.015961117661139817,0.0,0.07980558830569907,0.0,0.0,0.0,3.374526026750373,0.06153846153846154,0.0,7235,False,0
TJB0302,0.015871570041836803,0.0,0.059446498382314555,0.015929081461495565,0.0,0.0,3.2436228108281457,0.08000000000000002,0.0,1026,False,0
HSD0457,0.015585654598764584,0.0,0.05801692116695346,0.015929081461495565,0.0,0.0,3.2344310318437146,0.08000000000000002,0.0,1028,False,0
KBL0260,0.014840233439612233,0.0,0.07420116719806116,0.0,0.0,0.0,3.338491177003501,0.06153846153846154,0.0,3905,False,0
EHR0096,0.014751265979463194,0.0,0.07375632989731597,0.0,0.0,0.0,3.335630998407658,0.06153846153846154,0.0,4199,False,0
MKL0941,0.014396739381099893,0.0,0.07198369690549947,0.0,0.0,0.0,3.3242334673710623,0.06153846153846154,0.0,4599,False,0
JPW0741,0.014339930619097392,0.0,0.07169965309548695,0.0,0.0,0.0,3.322407145647775,0.06153846153846154,0.0,7567,False,0
CMM0487,0.01372619931837043,0.0,0.06863099659185215,0.0,0.0,0.0,3.30267654833728,0.06153846153846154,0.0,6753,False,0
OHC0973,0.013407947654387162,0.0,0.06703973827193581,0.0,0.0,0.0,3.2924452053733297,0.06153846153846154,0.0,1084,False,0
ECF0828,0.013405907324171466,0.0,0.06702953662085732,0.0,0.0,0.0,3.292379611629262,0.06153846153846154,0.0,629,False,0
FHS0837,0.013211763399183793,0.0,0.06605881699591896,0.0,0.0,0.0,3.2861381577557616,0.06153846153846154,0.0,1031,False,0
IHK0841,0.01319629144536024,0.0,0.0659814572268012,0.0,0.0,0.0,3.285640756221674,0.06153846153846154,0.0,1028,False,0
CCR0863,0.013171218337732575,0.0,0.06585609168866287,0.0,0.0,0.0,3.284834691109241,0.06153846153846154,0.0,7063,False,0
KDS0349,0.012865263077179777,0.0,0.06432631538589888,0.0,0.0,0.0,3.2749986602047647,0.06153846153846154,0.0,6147,False,0
EBC0390,0.012815902921112787,0.0,0.06407951460556394,0.0,0.0,0.0,3.2734118006761936,0.06153846153846154,0.0,4222,False,0
JRH0455,0.012786814509651915,0.0,0.06393407254825957,0.0,0.0,0.0,3.2724766491982478,0.06153846153846154,0.0,161,False,0
QPM0727,0.012454254003444042,0.0,0.06227127001722021,0.0,0.0,0.0,3.2617852971006935,0.06153846153846154,0.0,7596,False,0
DGF0443,0.01222290450974191,0.0,0.06111452254870955,0.0,0.0,0.0,3.254347736570838,0.06153846153846154,0.0,4112,False,0
ANP0555,0.01220774758881411,0.0,0.06103873794407055,0.0,0.0,0.0,3.2538604629008474,0.06153846153846154,0.0,3740,False,0
CLH0703,0.011968536149188011,0.0,0.03993132891907059,0.015929081461495565,0.0,0.0,3.118145765851216,0.08000000000000002,0.0,1024,False,0
MKG0711,0.011959162541345488,0.0,0.05979581270672744,0.0,0.0,0.0,3.2458688035815264,0.06153846153846154,0.0,1088,False,0
ECR0822,0.011922205149455085,0.0,0.05961102574727543,0.0,0.0,0.0,3.2446806754606827,0.06153846153846154,0.0,1031,False,0
NCK0421,0.011682256384723977,0.0,0.05841128192361988,0.0,0.0,0.0,3.2369666604732568,0.06153846153846154,0.0,3698,False,0
NJC0705,0.011610219491887303,0.0,0.038139745632567064,0.015929081461495565,0.0,0.0,3.1066263897554087,0.08000000000000002,0.0,1030,False,0
AMV0036,0.01113834201474961,0.0,0.05569171007374805,0.0,0.0,0.0,3.2194805791985295,0.06153846153846154,0.0,5722,False,0
JNA0559,0.011125636615501708,0.0,0.05562818307750854,0.0,0.0,0.0,3.2190721184993074,0.06153846153846154,0.0,3711,False,0
KJW0416,0.01096826853240997,0.0,0.05484134266204985,0.0,0.0,0.0,3.214012956169914,0.06153846153846154,0.0,3734,False,0
MHG0244,0.010871721266299482,0.0,0.0543586063314974,0.0,0.0,0.0,3.2109090974832233,0.06153846153846154,0.0,3792,False,0
PLH0862,0.01040777114037101,0.0,0.05203885570185505,0.0,0.0,0.0,3.195993754081306,0.06153846153846154,0.0,7354,False,0
BYP0070,0.010404635436778283,0.0,0.052023177183891406,0.0,0.0,0.0,3.1958929456252276,0.06153846153846154,0.0,2543,False,0
AKF0709,0.01037181495535556,0.0,0.0518590747767778,0.0,0.0,0.0,3.194837813351998,0.06153846153846154,0.0,1065,False,0
RJB0088,0.010243772644700836,0.0,0.05121886322350418,0.0,0.0,0.0,3.1907214333217775,0.06153846153846154,0.0,3762,False,0
LFS0071,0.010057318602646668,0.0,0.050286593013233336,0.0,0.0,0.0,3.1847271983588104,0.06153846153846154,0.0,3753,False,0
JOM0750,0.009734480648932283,0.0,0.04867240324466141,0.0,0.0,0.0,3.1743484126365606,0.06153846153846154,0.0,6013,False,0
NNA0610,0.00972417102037749,0.0,0.04862085510188745,0.0,0.0,0.0,3.174016972592368,0.06153846153846154,0.0,6782,False,0
NSS0876,0.00952723415845289,0.0,0.04763617079226445,0.0,0.0,0.0,3.167685729728228,0.06153846153846154,0.0,6876,False,0
DVW0103,0.009517772430474684,0.0,0.04758886215237342,0.0,0.0,0.0,3.1673815484939025,0.06153846153846154,0.0,4108,False,0
HDL0748,0.009190092024821584,0.0,0.04595046012410792,0.0,0.0,0.0,3.156847084759003,0.06153846153846154,0.0,6266,False,0
OMM0944,0.00859195975453935,0.0,0.042959798772696754,0.0,0.0,0.0,3.1376179743170685,0.06153846153846154,0.0,1068,False,0
TJG0582,0.008369591412613644,0.0,0.041847957063068215,0.0,0.0,0.0,3.1304691451732043,0.06153846153846154,0.0,1028,False,0
HGH0595,0.008074472630755709,0.0,0.04037236315377855,0.0,0.0,0.0,3.120981491803227,0.06153846153846154,0.0,1028,False,0
DTT0076,0.007741654657158297,0.0,0.03870827328579148,0.0,0.0,0.0,3.1102818624915605,0.06153846153846154,0.0,7589,False,0
GCC0744,0.007540720580578879,0.0,0.037703602902894394,0.0,0.0,0.0,3.103822114803527,0.06153846153846154,0.0,6598,False,0
VEB0935,0.007505678916402062,0.0,0.03752839458201031,0.0,0.0,0.0,3.1026955746317233,0.06153846153846154,0.0,3769,False,0
CAM0102,0.007288382241242077,0.0,0.03644191120621038,0.0,0.0,0.0,3.09570979243451,0.06153846153846154,0.0,3759,False,0
WAB0143,0.007271570321936777,0.0,0.03635785160968388,0.0,0.0,0.0,3.095169312896581,0.06153846153846154,0.0,2747,False,0
IJW0851,0.0072277807646228785,0.0,0.03613890382311439,0.0,0.0,0.0,3.0937615402756604,0.06153846153846154,0.0,5917,False,0
RMS0266,0.006777542066863162,0.0,0.033887710334315806,0.0,0.0,0.0,3.079286999986488,0.06153846153846154,0.0,3699,False,0
CFW0264,0.006639588849946327,0.0,0.03319794424973163,0.0,0.0,0.0,3.0748519982724654,0.06153846153846154,0.0,645,False,0
OLF0504,0.006564844952887481,0.0,0.0328242247644374,0.0,0.0,0.0,3.0724490872061105,0.06153846153846154,0.0,6212,False,0
MCS0035,0.006308875854810857,0.0,0.031544379274054284,0.0,0.0,0.0,3.064220041054972,0.06153846153846154,0.0,5430,False,0
ZJS0269,0.0060423592354912885,0.0,0.03021179617745644,0.0,0.0,0.0,3.055651906944621,0.06153846153846154,0.0,3722,False,0
KBC0054,0.005818087387286255,0.0,0.029090436936431274,0.0,0.0,0.0,3.048441882753623,0.06153846153846154,0.0,3679,False,0
ROB0272,0.0056656263152160945,0.0,0.02832813157608047,0.0,0.0,0.0,3.0435404739205074,0.06153846153846154,0.0,3697,False,0
KRL0062,0.005527846597078656,0.0,0.027639232985393277,0.0,0.0,0.0,3.0391110499479916,0.06153846153846154,0.0,4416,False,0
NRF0137,0.005479944940427508,0.0,0.02739972470213754,0.0,0.0,0.0,3.0375710791223716,0.06153846153846154,0.0,1026,False,0
CJG0470,0.005278142915310691,0.0,0.026390714576553457,0.0,0.0,0.0,3.0310834281107546,0.06153846153846154,0.0,1029,False,0
IJM0139,0.005143340472594031,0.0,0.025716702362970155,0.0,0.0,0.0,3.0267497193516233,0.06153846153846154,0.0,1034,False,0
KSP0966,0.005030199597381973,0.0,0.025150997986909864,0.0,0.0,0.0,3.023112399492718,0.06153846153846154,0.0,1046,False,0
BXJ0010,0.004662674736388966,0.0,0.02331337368194483,0.0,0.0,0.0,3.0112969926114665,0.06153846153846154,0.0,6750,False,0
CJK0200,0.004621831608768586,0.0,0.023109158043842927,0.0,0.0,0.0,3.0099839435572235,0.06153846153846154,0.0,4367,False,0
AIM0627,0.004478999937708953,0.0,0.022394999688544765,0.0,0.0,0.0,3.0053921064103735,0.06153846153846154,0.0,5893,False,0
NMC0486,0.004174761394859923,0.0,0.020873806974299615,0.0,0.0,0.0,2.9956112655632867,0.06153846153846154,0.0,6195,False,0
DGM0754,0.0037390980928117194,0.0,0.018695490464058596,0.0,0.0,0.0,2.9816053037270698,0.06153846153846154,0.0,489,False,0
SJW0451,0.003441443776987889,0.0,0.017207218884939444,0.0,0.0,0.0,2.972036136509601,0.06153846153846154,0.0,1033,False,0
KQC0708,0.0034300703478158004,0.0,0.017150351739079,0.0,0.0,0.0,2.9716704967731755,0.06153846153846154,0.0,1038,False,0
GMF0738,0.0032103944677455047,0.0,0.016051972338727523,0.0,0.0,0.0,2.9646082264875284,0.06153846153846154,0.0,5750,False,0
HPM0986,0.0032083291421973617,0.0,0.016041645710986808,0.0,0.0,0.0,2.9645418291787107,0.06153846153846154,0.0,5395,False,0
ASS0206,0.003155850419405898,0.0,0.01577925209702949,0.0,0.0,0.0,2.9628547121202504,0.06153846153846154,0.0,5362,False,0
IDO0176,0.003043091621712418,0.0,0.01521545810856209,0.0,0.0,0.0,2.9592296755156804,0.06153846153846154,0.0,6031,False,0
COM0321,0.003002941635262955,0.0,0.015014708176314773,0.0,0.0,0.0,2.9579389099742817,0.06153846153846154,0.0,5774,False,0
FBA0348,0.002955916523193077,0.0,0.014779582615965382,0.0,0.0,0.0,2.9564271188229543,0.06153846153846154,0.0,5424,False,0
RCC0617,0.0028434120774861646,0.0,0.014217060387430822,0.0,0.0,0.0,2.952810259276677,0.06153846153846154,0.0,5766,False,0
MCT0720,0.0026255896454286214,0.0,0.013127948227143105,0.0,0.0,0.0,2.945807574735365,0.06153846153846154,0.0,1038,False,0
SAP0867,0.002523166154120138,0.0,0.012615830770600689,0.0,0.0,0.0,2.9425148036810795,0.06153846153846154,0.0,2530,False,0
OLB0749,0.00242120133652433,0.0,0.01210600668262165,0.0,0.0,0.0,2.939236778340938,0.06153846153846154,0.0,1640,False,0
CKB0482,0.002218265257669427,0.0,0.011091326288347135,0.0,0.0,0.0,2.932712669098157,0.06153846153846154,0.0,5729,False,0
GRM0868,0.002194220903596535,0.0,0.010971104517982675,0.0,0.0,0.0,2.9319396769642356,0.06153846153846154,0.0,5770,False,0
LCD0622,0.001985533404243365,0.0,0.009927667021216826,0.0,0.0,0.0,2.9252306676492563,0.06153846153846154,0.0,5678,False,0
ELH0960,0.001962893518866531,0.0,0.009814467594332655,0.0,0.0,0.0,2.9245028272067093,0.06153846153846154,0.0,1026,False,0
CGA0629,0.0018323045299041775,0.0,0.009161522649520887,0.0,0.0,0.0,2.9203045750540997,0.06153846153846154,0.0,5739,False,0
BJH0354,0.0016035518810458092,0.0,0.008017759405229046,0.0,0.0,0.0,2.912950499430146,0.06153846153846154,0.0,5419,False,0
YJV0699,0.0015904629652576851,0.0,0.007952314826288425,0.0,0.0,0.0,2.9125297092140685,0.06153846153846154,0.0,1037,False,0
MAW0166,0.0014242241101701503,0.0,0.007121120550850751,0.0,0.0,0.0,2.907185364053239,0.06153846153846154,0.0,5357,False,0
PRM0740,0.0012776608719776905,0.0,0.006388304359888452,0.0,0.0,0.0,2.90247356227635,0.06153846153846154,0.0,5691,False,0
AJP0723,0.0009675780642783658,0.0,0.004837890321391829,0.0,0.0,0.0,2.8925048365418533,0.06153846153846154,0.0,1029,False,0
XLB0710,0.0008725148195552374,0.0,0.004362574097776187,0.0,0.0,0.0,2.8894486870535685,0.06153846153846154,0.0,1032,False,0
FPC0954,0.0,0.0,0.0,0.0,0.0,0.0,2.861398563926897,0.06153846153846154,0.0,1032,False,0
